{
    "MAPV_mean": [
        0.46839064996178603,
        0.49563669827987145,
        0.5395392046784624,
        0.6592815502804813,
        0.7601656671449207,
        0.8461760831333776,
        0.9021276057570249,
        0.9339826017472209,
        0.9520840644516039,
        0.966127108978578
    ],
    "MAPV": [
        [
            0.47368619460629485,
            0.4917456610101571,
            0.5906816631774424,
            0.7030189102928047,
            0.7950974036836752,
            0.8714393552495321,
            0.9223998276998198,
            0.945959964717363,
            0.9700812550305948,
            0.9750495466053531
        ],
        [
            0.4745580688236639,
            0.4863746532815506,
            0.5318367740530393,
            0.6443375506396111,
            0.778441146370925,
            0.8426180351011694,
            0.9066174293877164,
            0.924483940398006,
            0.9455721471478512,
            0.9611408758586373
        ],
        [
            0.4750948957713852,
            0.5294158957102978,
            0.524034649972845,
            0.6330832755815154,
            0.736199938506308,
            0.8244825926639484,
            0.8862996200339103,
            0.9162137711914463,
            0.9396416707604129,
            0.9577736726999873
        ],
        [
            0.4854120919857782,
            0.4825761259708425,
            0.5322428109869883,
            0.6735315884717425,
            0.7480594071128819,
            0.8514931591666488,
            0.9033455689722849,
            0.9468431479559227,
            0.9626902661297545,
            0.972826040341017
        ],
        [
            0.4827014348327018,
            0.5026624759672078,
            0.5174659412591732,
            0.6726745762787335,
            0.7479540753581571,
            0.8429387347174809,
            0.8989014152706624,
            0.937400639996171,
            0.9519462670787231,
            0.9738769236689315
        ],
        [
            0.4287633140027873,
            0.48728510941785497,
            0.5410619196312861,
            0.6187850675911033,
            0.7350555460148815,
            0.8276105731616136,
            0.8784913488047923,
            0.9189552096934083,
            0.9296693296219045,
            0.9469208425741452
        ],
        [
            0.45851854970989087,
            0.4893969666011896,
            0.5394506736684624,
            0.6695398831078578,
            0.7803521529676171,
            0.8626501318732507,
            0.9188380301299871,
            0.9480215382782292,
            0.9649875153919857,
            0.9753018611019744
        ]
    ]
}