{
    "MAPV_mean": [
        0.47809683259457086,
        0.5142190141655288,
        0.5169587248524702,
        0.5442491987393498,
        0.6207107077537481,
        0.719296949785495,
        0.8109129587116982,
        0.8680254695383411,
        0.8957082821820886,
        0.9196856037808374,
        0.93577282970178,
        0.9444954250821164,
        0.9519152403982959,
        0.9597593155866156,
        0.9637727318795377,
        0.9689380451215367,
        0.9708945419851162,
        0.9752626627544855,
        0.9786107031020526,
        0.9824086193237145
    ],
    "MAPV": [
        [
            0.47272361157234444,
            0.5036003259726283,
            0.523644184437156,
            0.5584702301268678,
            0.5846085669535636,
            0.6878446041731547,
            0.760830844319116,
            0.812189617390263,
            0.8420577818943404,
            0.8713711390911859,
            0.8869527906547852,
            0.8994935417545967,
            0.9098660648375013,
            0.9161231674832272,
            0.9220523065868856,
            0.9271203769831725,
            0.9250263486767345,
            0.934635715081962,
            0.9345757689721901,
            0.944656437497223
        ],
        [
            0.4793599532783971,
            0.4877507516919836,
            0.5096392015041094,
            0.5557982919339536,
            0.647633835196695,
            0.7457319279707686,
            0.8250637200721614,
            0.9101086331656261,
            0.9337499764148365,
            0.9551653584203764,
            0.9730606255276124,
            0.9839580226566749,
            0.9897845117953749,
            1.0005017049944396,
            1.004423110996995,
            1.0119006161904605,
            1.008647463059415,
            1.0252543372604048,
            1.0233842212867907,
            1.030687542028875
        ],
        [
            0.48016828561676245,
            0.5011576307460307,
            0.5447710307695532,
            0.5565148202436723,
            0.6271553844792029,
            0.7306398589843438,
            0.813063429573142,
            0.8733423336439546,
            0.8949533456328325,
            0.9218038476288211,
            0.9417193111087718,
            0.9493937516394545,
            0.9560647636474862,
            0.964146837988368,
            0.969665387055868,
            0.9765636258466344,
            0.9810618132228668,
            0.9848907531714837,
            0.988376394785096,
            0.9896857904138423
        ],
        [
            0.45993538660308697,
            0.5181269820172865,
            0.5259123182930502,
            0.5290297201265396,
            0.5762368812666273,
            0.6896484431320113,
            0.8123492664130878,
            0.8634511565444323,
            0.8890175487792237,
            0.9203341701583738,
            0.9352956836154168,
            0.9417009991727084,
            0.9490802244763136,
            0.9519270221258666,
            0.9584642942441403,
            0.9615948950707351,
            0.9587145624349794,
            0.9649433406976756,
            0.9631859888807175,
            0.9626295762734897
        ],
        [
            0.4862924449694716,
            0.5188081694307108,
            0.5175352861590653,
            0.561382328826441,
            0.6492778655920689,
            0.7628337003201147,
            0.8354027350560279,
            0.8864009415400789,
            0.9218739455991883,
            0.9427821775007504,
            0.9546677916488242,
            0.9676727838077177,
            0.97267359678258,
            0.9788626669250515,
            0.9801932144908284,
            0.9829459517715258,
            0.9899760541480135,
            0.9828298721645098,
            0.9949229864091345,
            0.9982798330531751
        ],
        [
            0.4757535558953522,
            0.5681437007568934,
            0.5059998853195252,
            0.5180166724505338,
            0.6259789776848607,
            0.708955940716442,
            0.7999786004178847,
            0.8617827792832714,
            0.8808146058754573,
            0.9005657796247222,
            0.9154779872824375,
            0.9210787843124462,
            0.9301953063021833,
            0.9399106918211328,
            0.941746312299097,
            0.9459050416899355,
            0.9542532844663058,
            0.9523411887066153,
            0.9596380296993138,
            0.9652355437634613
        ],
        [
            0.49244459022658144,
            0.5019455385431686,
            0.4912091674848318,
            0.5305323274674408,
            0.6340834431032193,
            0.7094241732016303,
            0.8297021151304672,
            0.868902825200762,
            0.9074907710787425,
            0.9257767540416314,
            0.9432356180746124,
            0.948170092231218,
            0.9557422149466329,
            0.9668431177682248,
            0.969864497482949,
            0.9765358082982937,
            0.9785822678874979,
            0.9819434321987468,
            0.9861915316811248,
            0.985685612235934
        ]
    ]
}