{
    "MAPV_mean": [
        0.4895879292243479,
        0.5089141273702904,
        0.5465461906217801,
        0.62469850657072,
        0.7318833989897785,
        0.8049906028310733,
        0.8486528732776566,
        0.881114716011974,
        0.901890809678414,
        0.9143886806134972
    ],
    "MAPV": [
        [
            0.4746045774435383,
            0.5155262718626965,
            0.5733953968883024,
            0.6397843102567047,
            0.7491131848690779,
            0.8245481884513137,
            0.8735100500185556,
            0.895549305963858,
            0.9144970968679227,
            0.9251972215914439
        ],
        [
            0.4878105669382414,
            0.513780923691925,
            0.540503757028937,
            0.6181068544770131,
            0.7293390773747858,
            0.8024427275283792,
            0.8402018773887231,
            0.8751178864649541,
            0.8911806204653611,
            0.916338769915882
        ],
        [
            0.5112292805160612,
            0.5090424208839738,
            0.5384886439503097,
            0.6143597423983254,
            0.7251992841414887,
            0.8109432147535065,
            0.8648789966647193,
            0.8988699377058837,
            0.9195501874014307,
            0.9259478083421006
        ],
        [
            0.49431640716888553,
            0.5010657990744858,
            0.5625767101710855,
            0.6327933802345422,
            0.7367498796866792,
            0.7926744827995267,
            0.8417060191133319,
            0.8719416207681928,
            0.9004673660509412,
            0.9121410070716393
        ],
        [
            0.46694235401874756,
            0.5075800852448212,
            0.5304884315975973,
            0.6249616014092032,
            0.735370251236068,
            0.7801600485811386,
            0.8371441476887521,
            0.8749002386012774,
            0.8916119514431973,
            0.9029035916453488
        ],
        [
            0.5109731241507764,
            0.5335916778921636,
            0.5582547577618313,
            0.6429105758779512,
            0.7385802666970109,
            0.831473768033619,
            0.8544228603098729,
            0.8877591000769913,
            0.9033991611235571,
            0.9197887591197398
        ],
        [
            0.481239194334185,
            0.4818117129419668,
            0.5221156369543974,
            0.5999730813413002,
            0.7088318489233387,
            0.792691789670029,
            0.828706161759641,
            0.8636649225026605,
            0.8925292843964877,
            0.8984036066083265
        ]
    ]
}