{
    "MAPV_mean": [
        0.4876413042831363,
        0.5062691494723651,
        0.5667001647143806,
        0.6656986838741766,
        0.7651365297940794,
        0.8415323767737648,
        0.9038520872852092,
        0.9287966768575162,
        0.953887382248368,
        0.9686859714997099
    ],
    "MAPV": [
        [
            0.4787729073010796,
            0.4994284640281901,
            0.5557064781214475,
            0.643932723792323,
            0.7507718083578371,
            0.8192252784069289,
            0.8869249852532362,
            0.9231612338365368,
            0.9476576082814134,
            0.9630787852437405
        ],
        [
            0.4984073457374498,
            0.5228911975371356,
            0.5791439794175198,
            0.684400232453522,
            0.7828973636258441,
            0.8527446199703853,
            0.9211420828366617,
            0.9516821626412781,
            0.9751211916540287,
            0.9969464391840293
        ],
        [
            0.49755247379105405,
            0.5110162304272481,
            0.6041445233242021,
            0.6824641018038299,
            0.7807329705110501,
            0.8486414036370767,
            0.9201761032245184,
            0.9428922321094175,
            0.9652952517287396,
            0.980625480599008
        ],
        [
            0.494598965909669,
            0.497430121992952,
            0.5510884454467843,
            0.6612865475768569,
            0.7527468437589678,
            0.8293391996404719,
            0.8931750594806572,
            0.9145591487734541,
            0.9370181666943037,
            0.955785282831023
        ],
        [
            0.4917661268967059,
            0.4774201399937111,
            0.5385649487906977,
            0.6576305719638997,
            0.7722363920729229,
            0.8610613124070593,
            0.9127433124751796,
            0.9381462322549806,
            0.9528932283376962,
            0.9607114893196123
        ],
        [
            0.48329749241178743,
            0.5182282152787113,
            0.5395081826290239,
            0.645838909093248,
            0.7275507438627219,
            0.8209427425762091,
            0.8807823255670907,
            0.8992990918585734,
            0.935389077222576,
            0.9494562217578211
        ],
        [
            0.46909381793420785,
            0.5174696770486079,
            0.5987445952709883,
            0.684337700435557,
            0.7890195863692117,
            0.8587720807782229,
            0.9120207421591205,
            0.9318366365283733,
            0.9638371518198187,
            0.9741981015627353
        ]
    ]
}