{
    "MAPV_mean": [
        0.4835817639081403,
        0.5255769173072395,
        0.5640093891350743,
        0.6522209400844222,
        0.7641180116712013,
        0.8428888035082004,
        0.9011819351716036,
        0.9326581857264424,
        0.9549640421651305,
        0.9673456537512927
    ],
    "MAPV": [
        [
            0.48508068676192634,
            0.5379293661595176,
            0.5560651573400178,
            0.6558773388500088,
            0.7702968215467901,
            0.8516292092264292,
            0.9077359183687449,
            0.9378722963670134,
            0.9654871004151657,
            0.9773199802955028
        ],
        [
            0.4582741751759231,
            0.4817747497897921,
            0.5507588203695285,
            0.6028932017306092,
            0.7313131152487754,
            0.8270929343717662,
            0.8854779902155211,
            0.920471009645093,
            0.9449554081076975,
            0.955026309622578
        ],
        [
            0.4673480891639878,
            0.5620302334904074,
            0.5729730200349877,
            0.6735598566998742,
            0.7810491942246256,
            0.8449546149988094,
            0.9063382621626485,
            0.9371637418316897,
            0.9575547579189284,
            0.9658109824896208
        ],
        [
            0.47207837452956514,
            0.5019651213223567,
            0.5904656023289755,
            0.6502207813089936,
            0.7656337395899835,
            0.8493915737742613,
            0.9046730340759181,
            0.9467118714503996,
            0.9655355270719933,
            0.9872813406592932
        ],
        [
            0.527325088854521,
            0.5405269539098774,
            0.571292195405181,
            0.6898817755544402,
            0.7932340431795695,
            0.8809728085037434,
            0.9253907628976739,
            0.952547578124906,
            0.9690603707292519,
            0.9856684982412232
        ],
        [
            0.49635340556520124,
            0.535241853959673,
            0.5552158582081782,
            0.6355929214781867,
            0.7560846096180681,
            0.8369355045691284,
            0.8963443996844715,
            0.9172092004836333,
            0.945419451524107,
            0.9525551881517154
        ],
        [
            0.4786125273058573,
            0.5195701425190529,
            0.5512950702586507,
            0.6575207049688424,
            0.7512145582905965,
            0.8092449791132648,
            0.8823131787962474,
            0.9166316021823623,
            0.9367356793887696,
            0.9477572767991155
        ]
    ]
}