{
    "MAPV_mean": [
        0.5317245299439813,
        0.5701627331860151,
        0.5376207070924484,
        0.5540624137405448,
        0.6153867762589639,
        0.6659310930860646,
        0.7407913168612611,
        0.8053213458230524,
        0.8534783968310797,
        0.8863664600382956,
        0.9158181032301705,
        0.9381760653710604,
        0.9525767178656926,
        0.9616828809693698,
        0.9705667679633967,
        0.9769443181080996,
        0.983165493075629,
        0.9877176008919114,
        0.9911823338746785,
        0.9950374707123546
    ],
    "MAPV": [
        [
            0.5338002518102724,
            0.5718355452567502,
            0.5397950273273813,
            0.5515840767332069,
            0.6182333508064719,
            0.6674335602909321,
            0.7284394932901485,
            0.7922777269184849,
            0.8218213293301216,
            0.8670658625952958,
            0.902673446672472,
            0.930462892820731,
            0.9432044974849193,
            0.9563800162726115,
            0.9689084557799139,
            0.973676673022605,
            0.9806864668225235,
            0.9851642090714169,
            0.9923543118348737,
            0.9951129208426233
        ],
        [
            0.5396487775390522,
            0.5830101264992723,
            0.5754471736258457,
            0.5813507174320254,
            0.6422959017402323,
            0.6847862897416294,
            0.7492640326771928,
            0.8142002938485642,
            0.8728020975706752,
            0.8985999905150843,
            0.926035591616164,
            0.946774242277898,
            0.96125645800299,
            0.9704039146836472,
            0.9782635066187972,
            0.9785255972844327,
            0.9897308292250003,
            0.9940190370835207,
            0.9960426077841711,
            1.0009518636892234
        ],
        [
            0.5396621825109265,
            0.5528309469415515,
            0.5336542609434533,
            0.5500368378957522,
            0.6188630406604498,
            0.6772803195382044,
            0.7322187892426453,
            0.807874975332,
            0.8530120158188299,
            0.8849743372349943,
            0.906656698148094,
            0.929494119705888,
            0.94473965007316,
            0.9537986449728807,
            0.9629076197552607,
            0.9694095602071042,
            0.9769989705551504,
            0.9803445422268711,
            0.9819918373039493,
            0.986067404038451
        ],
        [
            0.5351611789355016,
            0.5670576445834267,
            0.5160078770586697,
            0.5667965932420714,
            0.6083463773728944,
            0.6376665815219337,
            0.7427711933992375,
            0.8103305818545252,
            0.853137046759103,
            0.890195737721437,
            0.9210964242273171,
            0.9463506790147804,
            0.956885111805267,
            0.9631832620864599,
            0.9714347820371008,
            0.9806716733286117,
            0.9842874734119106,
            0.9860937928430261,
            0.9881031069479931,
            0.9956017772686614
        ],
        [
            0.5177055101717458,
            0.5507612182078166,
            0.5101460283292083,
            0.5287190251337567,
            0.5836631622682975,
            0.6634678279757648,
            0.7375225050505606,
            0.7982943603656277,
            0.8528451337166529,
            0.8856171315016352,
            0.9203518106537788,
            0.9438026898066268,
            0.9557656101979854,
            0.9645500953977,
            0.9710788780973105,
            0.9788770174122339,
            0.9814475145102528,
            0.987649150820909,
            0.9931577985860458,
            0.9944873670197187
        ],
        [
            0.5297275418833529,
            0.575783872760252,
            0.546688786234744,
            0.5683924759373787,
            0.6166654068213072,
            0.6519557742270649,
            0.7436932630521856,
            0.7985467885026494,
            0.8545075791760847,
            0.8898800973464873,
            0.9145519644322626,
            0.9401959833965519,
            0.9553821744578336,
            0.9670404667918735,
            0.973447654006098,
            0.9827642240004246,
            0.9883051555957053,
            0.9934319688800176,
            0.9960690402925306,
            0.9986840371290795
        ],
        [
            0.5263662667570179,
            0.589859778053036,
            0.5416057961278367,
            0.531557169809622,
            0.6196401941430942,
            0.6789272983069228,
            0.7516299413168563,
            0.815724693939516,
            0.8662235754460904,
            0.8882320633531358,
            0.919360786861105,
            0.9301518505749472,
            0.9508035230376931,
            0.9564237665804162,
            0.9679264794492958,
            0.9746854815012854,
            0.9807020414088597,
            0.9873205053176181,
            0.9905576343731863,
            0.9943569249987254
        ]
    ]
}