{
    "MAPV_mean": [
        0.46758923909936295,
        0.511381299381522,
        0.5267312990756478,
        0.6570000330452584,
        0.7594396875423494,
        0.8498897609873637,
        0.8994696932097132,
        0.931623661290967,
        0.9531077593559963,
        0.9667560722556718
    ],
    "MAPV": [
        [
            0.4742662466273325,
            0.5402303711985279,
            0.49583991032672153,
            0.6720565973641687,
            0.7751725417019346,
            0.864796989602371,
            0.9260761909613174,
            0.9560616489943436,
            0.9781898562114945,
            0.990557582288533
        ],
        [
            0.5052120989771801,
            0.4980389218869148,
            0.5253732308620421,
            0.6514599941427726,
            0.7559081767935145,
            0.8413962102478915,
            0.8788565461344076,
            0.9186266722442998,
            0.9335560826311468,
            0.9486303345253195
        ],
        [
            0.43912912051610037,
            0.5138749239848855,
            0.5425246773653977,
            0.6562722411668439,
            0.7509968405433131,
            0.8543541873819782,
            0.8872542713827565,
            0.9257325035163851,
            0.9448723440321118,
            0.9640039594846135
        ],
        [
            0.44585675748544856,
            0.5214142933035041,
            0.5703577398577274,
            0.6485326821169123,
            0.7519766874820303,
            0.8469164467286903,
            0.9078043918776549,
            0.9462074465344071,
            0.9613924455291419,
            0.9731504004999103
        ],
        [
            0.4724661743757049,
            0.5010336704393786,
            0.49936244182999706,
            0.639063596574648,
            0.7385077057463761,
            0.8313957806952684,
            0.8796143563395592,
            0.9019130236061561,
            0.9322282067880716,
            0.9462227876408185
        ],
        [
            0.48123275074523886,
            0.4954066945139712,
            0.5173354258737589,
            0.6464913005452605,
            0.7711794914731325,
            0.8536171680559012,
            0.8947467125019835,
            0.9254309476992746,
            0.9543101763886757,
            0.9623424349107051
        ],
        [
            0.45496152496853576,
            0.5096702203434719,
            0.536325667413889,
            0.6851238194062038,
            0.7723363690561437,
            0.856751544199445,
            0.9219353832703131,
            0.9473933864419027,
            0.9672052039113318,
            0.982385006439803
        ]
    ]
}