{
    "MAPV_mean": [
        0.5092273787290529,
        0.5207846977413617,
        0.5529567874373139,
        0.7072346148619302,
        0.7798851663841866,
        0.8421771297396505,
        0.8825990874680321,
        0.9026054875514976,
        0.9230183709072671,
        0.9333188311006796
    ],
    "MAPV": [
        [
            0.5370776187498109,
            0.5549055101652897,
            0.5843619054116155,
            0.7451171107641835,
            0.7855738091548943,
            0.8660330100881574,
            0.9047972595802558,
            0.9251171283371071,
            0.9418270627801235,
            0.9522201409051082
        ],
        [
            0.4905556723099893,
            0.5012699460543173,
            0.5437917891940585,
            0.6593856515122656,
            0.7792862914256564,
            0.8532742283887593,
            0.8911173076386084,
            0.9180709084131711,
            0.9467553971687073,
            0.9609921199443104
        ],
        [
            0.5244191066050753,
            0.5478039055783483,
            0.5168758083717514,
            0.6911374779276083,
            0.7848722727214684,
            0.8590969160769744,
            0.9079565105501498,
            0.9225381418350165,
            0.949085485896951,
            0.9530565007567963
        ],
        [
            0.5427020506288939,
            0.5368299451489851,
            0.605879114896837,
            0.7404638571923597,
            0.7925849776760294,
            0.8620540868803862,
            0.9014438065274961,
            0.9219792154817451,
            0.9449600061070647,
            0.9621383401383166
        ],
        [
            0.45608285502500456,
            0.4825164118075099,
            0.505864415174718,
            0.6813919051851026,
            0.7624236827420954,
            0.8242372043690288,
            0.866351609848918,
            0.892444599414154,
            0.9058091441226559,
            0.9164074556983348
        ],
        [
            0.5001258778419543,
            0.5031510443188273,
            0.5970198319399167,
            0.704154771127396,
            0.7406775739525038,
            0.7890943069393387,
            0.8279550883693819,
            0.8488329216650411,
            0.8684290498543512,
            0.87292713985559
        ],
        [
            0.5136284699426424,
            0.5190161211162545,
            0.5169046470723001,
            0.7289915303245968,
            0.813777557016659,
            0.8414501554349094,
            0.8785720297614149,
            0.8892554977142489,
            0.9042624504210148,
            0.915490120406301
        ]
    ]
}