{
    "MAPV_mean": [
        0.47438222287438264,
        0.5266541240692587,
        0.5228736053723799,
        0.6703003333060942,
        0.7592953080232545,
        0.8313247637672064,
        0.8760177337940908,
        0.8990373486436075,
        0.9182439449327001,
        0.9285064595506006
    ],
    "MAPV": [
        [
            0.47064287720070874,
            0.5274048819547725,
            0.4697228677361548,
            0.6366362918597436,
            0.7560091478062209,
            0.8510541838012966,
            0.9070629111873585,
            0.9409934932004462,
            0.9711988952493082,
            0.9791642816170589
        ],
        [
            0.4978034929494231,
            0.5737641553027578,
            0.5342348056813366,
            0.6723045320501422,
            0.7643228425115905,
            0.8458504838345673,
            0.8889508357838601,
            0.9167865480657377,
            0.9406857019154118,
            0.9452743137607501
        ],
        [
            0.4853167174191502,
            0.5072895289543538,
            0.5148673870240165,
            0.6896060215412526,
            0.7475090112502408,
            0.8337070352493754,
            0.8763611455020662,
            0.9058721959028239,
            0.9322688356151002,
            0.9454138024948271
        ],
        [
            0.5223627130578602,
            0.5883932427170915,
            0.5848076225850734,
            0.7255951952568144,
            0.8105687714544747,
            0.8640393731609669,
            0.8919965309534126,
            0.9073893697858791,
            0.9143400512513613,
            0.9243566792193164
        ],
        [
            0.42815607062428707,
            0.5472282705120061,
            0.5389225131238092,
            0.6628423268775748,
            0.7287698992469024,
            0.7906130217043749,
            0.8210029725806122,
            0.8446336563158716,
            0.8552530079352897,
            0.8700117078905779
        ],
        [
            0.44638214947388616,
            0.46327092819067583,
            0.5406327078179526,
            0.6264214976883482,
            0.7373244897884522,
            0.7977066664036734,
            0.8471327819216549,
            0.8648839728196582,
            0.8849505871207092,
            0.8945492343759581
        ],
        [
            0.47001153939536305,
            0.47922786085315305,
            0.4769273336383165,
            0.6786964678687833,
            0.7705629941049001,
            0.8363025822161904,
            0.8996169586296721,
            0.9127022044148364,
            0.929010535441719,
            0.9407751974957163
        ]
    ]
}