{
    "MAPV_mean": [
        0.5718748675564489,
        0.5466949437413788,
        0.5213929664935566,
        0.5714071282399698,
        0.6266828028990686,
        0.6786769206150287,
        0.7615768581327149,
        0.8310684215820777,
        0.878931553841012,
        0.9089185063080654,
        0.9319399908871507,
        0.9489244871539906,
        0.9634841996024466,
        0.9723009383074654,
        0.978030617633934,
        0.983610616525855,
        0.9869121537618969,
        0.9907955817892021,
        0.9938536252109618,
        0.9959086620637161
    ],
    "MAPV": [
        [
            0.5489172448414993,
            0.5278787956705598,
            0.49720263443612855,
            0.5006327540047001,
            0.5773943884047807,
            0.6495203791029063,
            0.7341826217817743,
            0.8244536088919404,
            0.8664130954828684,
            0.8990223734294872,
            0.9318259548752633,
            0.945131619301299,
            0.9638597213245477,
            0.9734269980223866,
            0.9766047246590571,
            0.9813622909460283,
            0.9860549892257553,
            0.9878872353391676,
            0.9909129026573752,
            0.9924854862144976
        ],
        [
            0.5793143741874226,
            0.5586758461148852,
            0.518689818515547,
            0.5918776922732967,
            0.6433733509059039,
            0.6945044370949957,
            0.7490586420661998,
            0.8339381676299741,
            0.8835314747934105,
            0.8982549979751326,
            0.9241917016062848,
            0.9374218335069994,
            0.9515168043131477,
            0.9573516550691897,
            0.9633673303079325,
            0.9680750149210647,
            0.9706526581798864,
            0.9787919781189534,
            0.9816483700590029,
            0.9847765147813639
        ],
        [
            0.5673114784559367,
            0.5674445790536287,
            0.5522200498393548,
            0.5962734285503792,
            0.6427650584680636,
            0.6673666461042428,
            0.774042939359289,
            0.8463640020403068,
            0.8837317605581676,
            0.920408111012391,
            0.9384269303574612,
            0.9543373717107941,
            0.9685443647320534,
            0.9766879829131584,
            0.9830364172792487,
            0.986393926332986,
            0.9904756703074007,
            0.9918276171297044,
            0.9937961350712898,
            0.9951769348471042
        ],
        [
            0.5641884172395467,
            0.5437390984775149,
            0.49756281312346756,
            0.583312880537073,
            0.6330567350688414,
            0.677680357260674,
            0.7611675367506678,
            0.8204733706900742,
            0.8664465130866116,
            0.9018752133205024,
            0.9222648106466175,
            0.9410366117367027,
            0.9516504926248296,
            0.9632821255008479,
            0.9713596721223375,
            0.9756204890234527,
            0.9786129921171952,
            0.9839120844651057,
            0.9877020474089016,
            0.991391818453193
        ],
        [
            0.5903475665182344,
            0.541763886665539,
            0.5591144957702607,
            0.5748499651162648,
            0.6385380862204394,
            0.71047191999547,
            0.7735891630526159,
            0.844109052308691,
            0.8821698335065168,
            0.9193490652278972,
            0.9368472586136354,
            0.9571117438773222,
            0.9681424979027847,
            0.977752771971355,
            0.9803598444893161,
            0.9891393425645033,
            0.9914801556362539,
            0.9964831213736759,
            1.0001608117435672,
            1.0009436040724844
        ],
        [
            0.5619240013185248,
            0.5377362602766059,
            0.4950258156006926,
            0.5560311204913533,
            0.6067053026335566,
            0.6563232637360785,
            0.7528609193671859,
            0.8222300118528992,
            0.886433879991032,
            0.913626502289962,
            0.9437528035496175,
            0.9595425819474952,
            0.9739565900473608,
            0.9821078550540857,
            0.990318406971273,
            0.9956182274749237,
            0.9982942617480958,
            1.0022972197827165,
            1.005663925036837,
            1.007661726121579
        ],
        [
            0.5911209903339778,
            0.5496261399309186,
            0.5299351381694448,
            0.596872056706722,
            0.6449466985918954,
            0.6948714410108329,
            0.7861361845512714,
            0.8259107376606585,
            0.8837943194684766,
            0.9098932809010845,
            0.9262704765611752,
            0.947889647997321,
            0.9667189262724021,
            0.9754971796212348,
            0.9811679276083736,
            0.9890650244180268,
            0.9928143491186917,
            0.9943698163150916,
            0.9970911844997589,
            0.9989245499557897
        ]
    ]
}