{
    "MAPV_mean": [
        0.4901383997056468,
        0.5199783117874617,
        0.5464132176919858,
        0.686467126490422,
        0.7838524774117847,
        0.8413542186426699,
        0.8825912250702986,
        0.9052001424891111,
        0.9184040873466677,
        0.9288005943256586
    ],
    "MAPV": [
        [
            0.4792006947852035,
            0.4914446237031365,
            0.5188972245584988,
            0.6625146595202703,
            0.7480822600205552,
            0.8382781575252022,
            0.8868486862318619,
            0.9171744332531456,
            0.9391743304946827,
            0.9483766501498812
        ],
        [
            0.5041187130380612,
            0.5311700878187772,
            0.5417035176768085,
            0.7015187733156135,
            0.7984192645644916,
            0.8559383119714242,
            0.9014560189290787,
            0.9230287064363385,
            0.9371312155199235,
            0.9419397237177722
        ],
        [
            0.4905890517679082,
            0.5197968769204899,
            0.5445617878139537,
            0.6490846448083508,
            0.7809902780965267,
            0.8283892759344824,
            0.863299983568306,
            0.8740978192289447,
            0.8872274928011012,
            0.8951218870287252
        ],
        [
            0.496401847826042,
            0.5227338926834806,
            0.5973591652831662,
            0.7180435520094852,
            0.7980234445900088,
            0.8308431314167148,
            0.8690060326624653,
            0.8919308551343044,
            0.8996469383157257,
            0.9150583872374313
        ],
        [
            0.467701449115724,
            0.5263277553682634,
            0.5283229289863006,
            0.6998146080448233,
            0.7789133785582044,
            0.8200899949031467,
            0.8602507673695848,
            0.8829834123508439,
            0.8999142159401328,
            0.912964175967931
        ],
        [
            0.49135077151395107,
            0.5305007219461448,
            0.5339912314971778,
            0.6860224238216516,
            0.7694231586583331,
            0.8466679769125773,
            0.9035423545629854,
            0.930774558717991,
            0.944693833441731,
            0.9538172047388127
        ],
        [
            0.5016062698926378,
            0.5178742240719398,
            0.560056668027995,
            0.688271223912759,
            0.813115557394373,
            0.8692726818351407,
            0.8937347321678086,
            0.9164112123022108,
            0.9210405849133768,
            0.9343261314390575
        ]
    ]
}