{
    "MAPV_mean": [
        0.5137763965040343,
        0.5279089239798875,
        0.5693500122109906,
        0.7053461335148796,
        0.8018682013692379,
        0.8459079055431298,
        0.8872193988490794,
        0.9130893182134792,
        0.9285759575940463,
        0.9369885205871084
    ],
    "MAPV": [
        [
            0.5497266231621067,
            0.5549991282095977,
            0.6152946708298545,
            0.7325089997976999,
            0.8484314415370249,
            0.875370726839508,
            0.9050916721532849,
            0.9315564042377403,
            0.9408648067451761,
            0.9483695551371765
        ],
        [
            0.47770287591033345,
            0.5039621271264009,
            0.5342601887034959,
            0.6445927732195514,
            0.756760622282811,
            0.833519486417249,
            0.8825208395357771,
            0.9125826069999222,
            0.9277949622109741,
            0.9416088837382324
        ],
        [
            0.5159590588212711,
            0.5514480739830057,
            0.6143608710780815,
            0.7639653649159827,
            0.828295397832313,
            0.8682824121311474,
            0.8963585931594725,
            0.9179202999629288,
            0.9310500174132386,
            0.937652076208233
        ],
        [
            0.5223965700313724,
            0.5210170530429459,
            0.577042947746641,
            0.7140893918396147,
            0.7919155336714339,
            0.8318706195364132,
            0.8622231635316887,
            0.8831746291987153,
            0.9135378857611048,
            0.9134316516666628
        ],
        [
            0.4968639546455759,
            0.522392020607342,
            0.5434146464019299,
            0.6801931497067215,
            0.794054653994662,
            0.8369282433805215,
            0.8915160002485545,
            0.9270207965776605,
            0.9398364827641766,
            0.9515002317185943
        ],
        [
            0.5259273341723806,
            0.5172972077483409,
            0.596670097182934,
            0.7142250992099954,
            0.7985585842572427,
            0.8368067743345543,
            0.8724411404064665,
            0.8957369835448271,
            0.9099741355227503,
            0.9190794527791054
        ],
        [
            0.5078583587852001,
            0.5242468571415793,
            0.504406663533997,
            0.6878481559145911,
            0.7950611760091779,
            0.8385770761625154,
            0.9003843829083122,
            0.9236335069725597,
            0.9369734127409042,
            0.9472777928617542
        ]
    ]
}