{
    "MAPV_mean": [
        0.5008521845005427,
        0.5267855167795331,
        0.571504955291841,
        0.6898975397129244,
        0.7778828247135227,
        0.8354433887580124,
        0.8685806207826712,
        0.8961783733891752,
        0.9106083962787773,
        0.9207037217440325
    ],
    "MAPV": [
        [
            0.5355909078764501,
            0.565239286488433,
            0.596246550955502,
            0.7157418021581929,
            0.8145117547417515,
            0.8647648206174925,
            0.9005937790452115,
            0.9229264472703841,
            0.9392312428024068,
            0.9506734224225856
        ],
        [
            0.4799352847061228,
            0.5077326056312051,
            0.556813272612667,
            0.7115645313198958,
            0.7773678927720074,
            0.8174397042625928,
            0.8435966396777141,
            0.8675020429289965,
            0.8817058287457208,
            0.8936720800055872
        ],
        [
            0.49328858492485184,
            0.5331955569436201,
            0.5314212957662444,
            0.6792391292682656,
            0.7522199222691456,
            0.8581680515285092,
            0.8829685306927848,
            0.925132020030669,
            0.948617878686674,
            0.9563207674856792
        ],
        [
            0.5079589704963756,
            0.5256708670400273,
            0.6026951718462717,
            0.6638439569345215,
            0.7717760520446175,
            0.828656968772908,
            0.8691625419284438,
            0.8866720609091011,
            0.8998466371541178,
            0.911457228590647
        ],
        [
            0.5038383375915146,
            0.5277628987828467,
            0.558790395093861,
            0.6883727788244192,
            0.7769956610070271,
            0.835724817891147,
            0.8737671486719811,
            0.9060434808791008,
            0.9198812296844809,
            0.9275963640691651
        ],
        [
            0.49264723065508115,
            0.5160154832104679,
            0.5326351498025075,
            0.6705994655675234,
            0.7557168971907741,
            0.8096791763129864,
            0.8551191168933925,
            0.8824534569365393,
            0.8922863327024716,
            0.9063785202821877
        ],
        [
            0.4927059752534028,
            0.5118819193601315,
            0.6219328509658326,
            0.699921113917653,
            0.796591592969336,
            0.8336701819204518,
            0.8548565885691697,
            0.8825191047694356,
            0.8926896241755699,
            0.898827669352375
        ]
    ]
}