{
    "MAPV_mean": [
        0.5053355344271273,
        0.5123844154446823,
        0.5382590981694657,
        0.6557919258994441,
        0.7503121679925429,
        0.8083849156910642,
        0.8417778972719486,
        0.8708385793232132,
        0.8832067311911722,
        0.8928214266892018
    ],
    "MAPV": [
        [
            0.5010624445537887,
            0.523070406070895,
            0.5235075428522955,
            0.6661399854407744,
            0.7510605009170539,
            0.8123983997918375,
            0.8469943197153773,
            0.8782076898186695,
            0.8922392995483023,
            0.9120218282265788
        ],
        [
            0.49454905479243005,
            0.5036030540275587,
            0.529754495576543,
            0.6356999831235451,
            0.7478064093848583,
            0.8031563447985893,
            0.8391387625752851,
            0.8766663331552124,
            0.8942176890619995,
            0.8998445450696361
        ],
        [
            0.5069460302643038,
            0.5096673743224606,
            0.5480183086835282,
            0.6425772360662475,
            0.7454860208025228,
            0.8148825407496485,
            0.847803605136776,
            0.8713552262954616,
            0.8849789546124867,
            0.8945950705136698
        ],
        [
            0.5027848099992253,
            0.503740721113298,
            0.5384726545212705,
            0.6555254116638999,
            0.7349200791890326,
            0.7994915070348808,
            0.8507535848308525,
            0.8800535670367683,
            0.8937079834899252,
            0.9065127816618241
        ],
        [
            0.4999974975900965,
            0.5170680346905455,
            0.5030343457409095,
            0.6583533904858881,
            0.7690494677958712,
            0.8243461883565156,
            0.8513097725782014,
            0.8853239495513325,
            0.8969611515423235,
            0.9074632482628141
        ],
        [
            0.4899573475493734,
            0.4999082139715481,
            0.5670005999109914,
            0.6731424944398167,
            0.7522877498280094,
            0.8054951770333726,
            0.8440848547869841,
            0.8633356463589988,
            0.87441751526933,
            0.8812253283417415
        ],
        [
            0.5420515562406745,
            0.5296331039164703,
            0.5580257399007219,
            0.6591049800759372,
            0.7515749480304523,
            0.7989242520726041,
            0.8123603812801651,
            0.840927643046049,
            0.8459245248138391,
            0.8480871847481477
        ]
    ]
}