{
    "MAPV_mean": [
        0.49284805798433995,
        0.5416068340773129,
        0.5745335216373908,
        0.699879528693646,
        0.7885243331371504,
        0.852439374360423,
        0.8915979468386773,
        0.921551114882879,
        0.9390912091709346,
        0.9518799762147571
    ],
    "MAPV": [
        [
            0.4920436160170505,
            0.5415858915412581,
            0.5256999931700002,
            0.6750362882363992,
            0.7715731192511777,
            0.8486212529137421,
            0.8784799709498147,
            0.8965910374388527,
            0.9158502098177829,
            0.9310881489269008
        ],
        [
            0.48121286206070607,
            0.5099820407234436,
            0.5959882897978905,
            0.721035838051244,
            0.7844324004938302,
            0.8311369531293843,
            0.8616287718741882,
            0.8856524314496479,
            0.9020796736401396,
            0.912578581158924
        ],
        [
            0.49429812591374217,
            0.626015584201824,
            0.6030299436115145,
            0.7535688161575642,
            0.829903758603434,
            0.8934472802728471,
            0.9386910095737195,
            0.9583026369585016,
            0.971452623227237,
            0.9843223176893762
        ],
        [
            0.5143947849554371,
            0.5586486900902725,
            0.5823134246610349,
            0.694271532950346,
            0.8105457381900165,
            0.8602599986810345,
            0.8990862371207767,
            0.9329916478404513,
            0.9520423849618136,
            0.965921427608918
        ],
        [
            0.5023545470468528,
            0.5768068982260115,
            0.629578545418105,
            0.7210498369900058,
            0.8119361194741255,
            0.8691619501384259,
            0.9108423885910369,
            0.954484270650507,
            0.972429271114448,
            0.9844648448495249
        ],
        [
            0.45673633399497077,
            0.4638648127029402,
            0.5403948805733996,
            0.6672044760051303,
            0.7491801831918541,
            0.8338824302041339,
            0.8915857139174332,
            0.9345004317460079,
            0.9562796875490662,
            0.9706054108853511
        ],
        [
            0.5088961359016202,
            0.5143439210554404,
            0.5447295742297907,
            0.6669899124648315,
            0.7620990127556155,
            0.8305657551833939,
            0.8608715358437715,
            0.888335348096184,
            0.903504613886056,
            0.9141791023843048
        ]
    ]
}