{
    "MAPV_mean": [
        0.5782233466693321,
        0.5470375296428526,
        0.5369498372737243,
        0.5701236504003407,
        0.630395966356675,
        0.68877914366565,
        0.7571604214472147,
        0.829038325984029,
        0.8698877187892192,
        0.9009917051158095,
        0.9262734852959803,
        0.9428837430602174,
        0.9572179555319434,
        0.9669445817975563,
        0.9748056258288156,
        0.9804380527175881,
        0.9852623696410276,
        0.9884972994417434,
        0.9929918575254952,
        0.9959693719637661
    ],
    "MAPV": [
        [
            0.5772343366031555,
            0.5707994888614634,
            0.5718161930546024,
            0.6096000758989655,
            0.6431990144062748,
            0.7171741475372652,
            0.7838199222624639,
            0.8589008377555818,
            0.8944598853451152,
            0.9218621710746827,
            0.942297202696878,
            0.9587347648194667,
            0.9697033847726612,
            0.9792517376379675,
            0.9845951318252333,
            0.9897910880181378,
            0.9921927208551978,
            0.9954218803680952,
            0.9978701762317448,
            1.0008414509087775
        ],
        [
            0.5702889364123414,
            0.5439439730917097,
            0.5524311192049716,
            0.5849227916455323,
            0.6309031697454901,
            0.6873927759559763,
            0.7514539910889644,
            0.8181644930371391,
            0.8639711391912084,
            0.8928230605740282,
            0.9187339416495058,
            0.9315113273455284,
            0.9483854623882013,
            0.9568034630880479,
            0.9665307180023834,
            0.9738689941283051,
            0.9819892206300309,
            0.9869769387002648,
            0.9906561777332328,
            0.9951140884423404
        ],
        [
            0.5809079314154788,
            0.5502708262318542,
            0.5724081086815848,
            0.5661126127605602,
            0.6444332564073659,
            0.6924760398977728,
            0.7645653885643876,
            0.8400842418323898,
            0.877224497546987,
            0.909654374400943,
            0.9308645804192203,
            0.9473758131933762,
            0.9695801946945477,
            0.9790109461248806,
            0.9816196193229887,
            0.9852283985640938,
            0.9909163269959315,
            0.9934787871212419,
            0.9977231442384641,
            0.9991355836810775
        ],
        [
            0.5702806768633302,
            0.5517637163318027,
            0.5262130071502005,
            0.5805662165966886,
            0.6591687398044752,
            0.7075903933058739,
            0.7758034757663342,
            0.8422073878119305,
            0.8730043929526642,
            0.9047154901472487,
            0.932335062675217,
            0.9501835829143142,
            0.9624829263059343,
            0.9702752828720309,
            0.9803836273862319,
            0.9848149697606828,
            0.9881701909545417,
            0.9893511355976334,
            0.9980526267050078,
            1.0014566688636024
        ],
        [
            0.5773913817307461,
            0.5230743271629136,
            0.453222811956267,
            0.5375460650958676,
            0.6042143287288162,
            0.6514934597868661,
            0.7051178189860593,
            0.7906855107825314,
            0.8388702571338817,
            0.8721379261507385,
            0.9048899010883543,
            0.9208975486573175,
            0.93613645430318,
            0.9449573609410348,
            0.9543908850879024,
            0.9649785945852174,
            0.9720523988665997,
            0.9757370955314666,
            0.9806189634700583,
            0.9837094893960384
        ],
        [
            0.5719039070182101,
            0.5314426478722687,
            0.4942655451197287,
            0.533401796288911,
            0.5837112974201546,
            0.6642219234978474,
            0.7401554887832252,
            0.820775411704859,
            0.8585041860865755,
            0.8931055648621048,
            0.9158324530637661,
            0.9356596235922878,
            0.9481489165455361,
            0.9565745131110043,
            0.9664761842712344,
            0.9719597136627524,
            0.973604259546977,
            0.9783394269926657,
            0.9813344281050779,
            0.9848723342609075
        ],
        [
            0.5995562566420627,
            0.557967727947956,
            0.5882920757487154,
            0.5787159945158604,
            0.6471419579841496,
            0.701105265677948,
            0.7792068646790681,
            0.8324503989637717,
            0.8831796732681024,
            0.9126433486009206,
            0.9389612554789208,
            0.9558235408992318,
            0.9660883497135436,
            0.9817387688079273,
            0.9896432149057358,
            0.9924246103039273,
            0.9979114696379159,
            1.0001758317808351,
            1.0046874861948811,
            1.0066559881936195
        ]
    ]
}