{
    "MAPV_mean": [
        0.501772943834896,
        0.5566631470444847,
        0.5321930849132916,
        0.7025022730826812,
        0.7959383929230228,
        0.8656181747311222,
        0.9075880196867004,
        0.9346751402327932,
        0.9490815387291798,
        0.958822433768437
    ],
    "MAPV": [
        [
            0.47646282774814747,
            0.5314520554562646,
            0.5243642784469953,
            0.740086275737138,
            0.8214376675560224,
            0.8831436140041347,
            0.9277949448444873,
            0.9578567746164194,
            0.9598318681496033,
            0.9794947133666546
        ],
        [
            0.5152208559074027,
            0.5788621116217767,
            0.5189917366745586,
            0.6621294940494776,
            0.7851815300475409,
            0.8580469986559329,
            0.917247144854271,
            0.9498439795361229,
            0.9673343549140762,
            0.9769058368020914
        ],
        [
            0.49181720804983053,
            0.5491726330759169,
            0.5588630874083158,
            0.6979278473467282,
            0.8033786062495596,
            0.858687693287351,
            0.8908758254796618,
            0.9078389790775049,
            0.9320968873414315,
            0.9384043990490948
        ],
        [
            0.5195119580953137,
            0.5455037334323448,
            0.502421358278367,
            0.6765927901520896,
            0.8048221878160006,
            0.8857229570035235,
            0.9355647847267952,
            0.972692638835567,
            0.9926587316903536,
            0.9997463152240926
        ],
        [
            0.5017008045628032,
            0.5402253508916179,
            0.529781783970915,
            0.7004271180268894,
            0.7495530002707418,
            0.8062064087066556,
            0.8377558902301406,
            0.860824200992843,
            0.8779595248640543,
            0.8755576259290354
        ],
        [
            0.48972777170714366,
            0.5387284156964338,
            0.5240459675513666,
            0.7051620183158052,
            0.7924168452311645,
            0.8742492306635828,
            0.9077335252944018,
            0.9349279488359357,
            0.9399393578900145,
            0.9564991872329432
        ],
        [
            0.5179691807736303,
            0.6126977291370387,
            0.5668833820625231,
            0.7351903679506407,
            0.8147789132901299,
            0.893270320796675,
            0.9361440223771453,
            0.9587414597351592,
            0.9737500462547243,
            0.985148958775148
        ]
    ]
}