{
    "MAPV_mean": [
        0.4804831985984576,
        0.5137538985698217,
        0.500783991622905,
        0.6602772959114773,
        0.776405037180968,
        0.8443847389124051,
        0.8886269161864349,
        0.9182073525937666,
        0.9355115323480904,
        0.9444512007306638
    ],
    "MAPV": [
        [
            0.46186151769993256,
            0.5386447489418591,
            0.5357559075005346,
            0.7204087621523294,
            0.8006230683688428,
            0.8569975749884017,
            0.8934639851873765,
            0.9216039223725132,
            0.9352999485821109,
            0.9435171879256514
        ],
        [
            0.4786459405939355,
            0.5038390023893264,
            0.477283294077512,
            0.644956931879397,
            0.7537885801061365,
            0.8509610259622283,
            0.891318431348545,
            0.9223306268583588,
            0.9471666837231589,
            0.9530398133090632
        ],
        [
            0.4851947790017305,
            0.5176015290775863,
            0.499043064179341,
            0.5814138844337062,
            0.7428943301874067,
            0.8239920485401202,
            0.88226381278792,
            0.9275132063464993,
            0.9460965832677865,
            0.9590275769227294
        ],
        [
            0.4635038249247675,
            0.5023441286528169,
            0.5022971931936147,
            0.6777595210500471,
            0.7941623491105684,
            0.8569429945503497,
            0.8985191286983322,
            0.9258117256857367,
            0.9369296757437353,
            0.9461626921115646
        ],
        [
            0.5023659957563347,
            0.5263086715498341,
            0.5415916628433826,
            0.6650175775449112,
            0.7865898089351524,
            0.8264381306963222,
            0.8640583332135461,
            0.8864934159687742,
            0.8995102351628061,
            0.9057307968533294
        ],
        [
            0.4659928042459665,
            0.48526726898616285,
            0.5109550445226059,
            0.6657756262873284,
            0.7688200162146251,
            0.8448409747980778,
            0.8808915418663996,
            0.8993412446225796,
            0.9234857431910046,
            0.9308748794571151
        ],
        [
            0.5058175279665358,
            0.5222719403911664,
            0.4385617750433438,
            0.6666087680326218,
            0.7879571073440433,
            0.850520422851336,
            0.9098731802029237,
            0.9443573263019045,
            0.9600918567660313,
            0.9728054585351927
        ]
    ]
}