{
    "MAPV_mean": [
        0.49544755271588914,
        0.5224874372515111,
        0.5469758004786894,
        0.7045197413280234,
        0.7933974492113672,
        0.8520386728882796,
        0.8888645115055703,
        0.9110596996039737,
        0.9310927548083081,
        0.9451929641234882
    ],
    "MAPV": [
        [
            0.4971996623976495,
            0.5340940918922004,
            0.5526778715359901,
            0.7092060408949824,
            0.7832242919937794,
            0.8462153145525871,
            0.8846364368440705,
            0.9115636889296211,
            0.9275163776431078,
            0.94432828726474
        ],
        [
            0.4875920017710603,
            0.531606183237347,
            0.5387974580087079,
            0.7185308798610027,
            0.8118401298468703,
            0.863642921405263,
            0.8978551157439839,
            0.9153754248530642,
            0.9318964524721884,
            0.9505420681793965
        ],
        [
            0.4982679949297286,
            0.5126579560572042,
            0.5446191109096531,
            0.6928311460431325,
            0.8197678705948106,
            0.8651445952023934,
            0.9064552290577806,
            0.9263134600471314,
            0.9507844977112042,
            0.960606479927372
        ],
        [
            0.5007744602551992,
            0.5541213705605289,
            0.5677193558299765,
            0.7631826563956671,
            0.8026862690036801,
            0.8552932918274755,
            0.8750815809575305,
            0.8898799817127954,
            0.9017648317635419,
            0.9118629787932003
        ],
        [
            0.49748643960649186,
            0.5194381117271815,
            0.5440855389945245,
            0.6545851341372599,
            0.7768386465360285,
            0.8343177589799665,
            0.8697350653928738,
            0.910880220961901,
            0.9274345774785157,
            0.946998851475524
        ],
        [
            0.4672633248836269,
            0.4967768228928194,
            0.5500701508975249,
            0.7210770350793256,
            0.7947213446526451,
            0.8637152291389145,
            0.9068139891352447,
            0.9224693662285353,
            0.9426147622313658,
            0.9517115719220121
        ],
        [
            0.5195489851674676,
            0.5087175243932971,
            0.5308611171744487,
            0.6722252968847936,
            0.7647035918517571,
            0.8359415991113567,
            0.8814741634075088,
            0.9009357544947674,
            0.9356377843582326,
            0.9503005113021727
        ]
    ]
}