{
    "MAPV_mean": [
        0.5028702318014725,
        0.5197655279915913,
        0.5491671788148811,
        0.7168479236467139,
        0.7969627244027092,
        0.8526112008765875,
        0.8955230676428808,
        0.9159232318131493,
        0.9316009199012951,
        0.9445183066682128
    ],
    "MAPV": [
        [
            0.5267613212067355,
            0.5302968082320402,
            0.5774923731165053,
            0.741517681118051,
            0.8188908387188004,
            0.8599899270628245,
            0.8957642687522369,
            0.9091483467922299,
            0.9274435726710382,
            0.9346947846788516
        ],
        [
            0.5197842136186125,
            0.5484105006223483,
            0.5279773849524749,
            0.7366070603255118,
            0.8028259987598491,
            0.8525279843377882,
            0.8853954259876895,
            0.907836931755238,
            0.914006277575434,
            0.9299440078052715
        ],
        [
            0.49351039633911997,
            0.5336944698093201,
            0.5495289098106116,
            0.6843798097857137,
            0.7846500824847212,
            0.8384237922581075,
            0.8778352076871649,
            0.9156048874381412,
            0.92359603541553,
            0.9435330136459494
        ],
        [
            0.49402439880067495,
            0.5068010730733,
            0.509798428589594,
            0.654281661568883,
            0.783298684354474,
            0.837503697298172,
            0.9037670545332613,
            0.9249306905271827,
            0.9505623138824687,
            0.9707565768956673
        ],
        [
            0.5134830990354031,
            0.5196104438304452,
            0.6094815230219317,
            0.7372081482147755,
            0.7996677501427308,
            0.8659598585618233,
            0.8936326622963654,
            0.9107541343225873,
            0.9264168070600652,
            0.9356670505275327
        ],
        [
            0.45511785340438776,
            0.5067728255215733,
            0.5487485071903884,
            0.7226968971947432,
            0.8043190879771221,
            0.8531394770154238,
            0.9088901696620603,
            0.9229251852221662,
            0.9403756572800025,
            0.953686409576371
        ],
        [
            0.5174103402053742,
            0.4927725748521118,
            0.5211431250226621,
            0.7412442073193187,
            0.7850866283812665,
            0.8607336696019718,
            0.9033766845813883,
            0.9202624466344993,
            0.9388057754245279,
            0.9433463035478452
        ]
    ]
}