{
    "MAPV_mean": [
        0.49672385574642225,
        0.5108219031662168,
        0.4390370766736456,
        0.5097314790069927,
        0.6306521949606342,
        0.7559103028071108,
        0.8425252370295496,
        0.8823431135251436,
        0.9063799512897257,
        0.9227435804994802,
        0.9309268113174743,
        0.9395518788130878,
        0.9446924519600656,
        0.947806267335458,
        0.9514350709395428,
        0.9551996423023928,
        0.9565974925304885,
        0.9601027488114883,
        0.9613609897265458,
        0.9634620303354364
    ],
    "MAPV": [
        [
            0.49305864577819614,
            0.5074663596844963,
            0.4731776949553814,
            0.4918810331679382,
            0.6233409529486169,
            0.765085356772032,
            0.8662178103798283,
            0.9125269946807791,
            0.9413688092491682,
            0.9554175631855732,
            0.9685912311303542,
            0.9780736100342399,
            0.9843622944167313,
            0.9877527992305128,
            0.9924397425404626,
            0.9966434791549098,
            1.0009732609907263,
            1.0024451973175057,
            1.002048577258955,
            1.0041295268947859
        ],
        [
            0.5022232011245458,
            0.518790679027827,
            0.46169429478916607,
            0.5237876024182607,
            0.675696533630192,
            0.765792074947993,
            0.8501864130084148,
            0.8762761795563878,
            0.8954817636542248,
            0.9028770944893122,
            0.905650704451686,
            0.9118630485594061,
            0.9149598777254871,
            0.9182546454727284,
            0.921595692616214,
            0.9249837526500345,
            0.9251582592767025,
            0.9306071446112683,
            0.9319845029185196,
            0.9326921569331095
        ],
        [
            0.4943614573708798,
            0.49109289153247393,
            0.4420696930149771,
            0.5192516869879457,
            0.673519011030628,
            0.78328515660496,
            0.8377540518570062,
            0.8880748006815096,
            0.9067587647809531,
            0.9248429303077508,
            0.9285134261761215,
            0.9388799997504269,
            0.9440849049196107,
            0.9459922863518169,
            0.9501885090685995,
            0.9572529776155175,
            0.9539831440673848,
            0.9600356460762078,
            0.9540169540549569,
            0.9659579424950795
        ],
        [
            0.48592145442043083,
            0.4909264206697436,
            0.40903987768316385,
            0.49854550204271036,
            0.5526286742590432,
            0.7386864806624981,
            0.8351628057243321,
            0.8828676936120928,
            0.9079454057261557,
            0.9289362920562455,
            0.9394606483477191,
            0.9487132873825925,
            0.9528711067132193,
            0.9559780032820759,
            0.9582712831781433,
            0.9599379809768247,
            0.960917213414507,
            0.961191000446744,
            0.966672523188992,
            0.9694767044184188
        ],
        [
            0.5042043383777564,
            0.5423111316990362,
            0.47433414932600876,
            0.5362779609832412,
            0.6438109446000625,
            0.7474247448878751,
            0.8542855122769677,
            0.9018813989656582,
            0.9264324520109765,
            0.943867696298496,
            0.9516624575840688,
            0.9612952348900381,
            0.9644928361463823,
            0.9681677937084949,
            0.9719819829722792,
            0.9736932673795266,
            0.9718194218843254,
            0.9750559356897329,
            0.9785599211561713,
            0.9766008945624745
        ],
        [
            0.5278877813275284,
            0.5437650654220735,
            0.409876834716584,
            0.4521475085551282,
            0.5877589702504121,
            0.7165175282719272,
            0.7953913394645474,
            0.8196235226054869,
            0.8398147440817832,
            0.8506882085450894,
            0.8562384605637502,
            0.8680320357496298,
            0.86917978216043,
            0.8697620422738416,
            0.8742729743756195,
            0.8786438861598551,
            0.8792932479575838,
            0.8854612518013013,
            0.8857236634596622,
            0.8855165597842861
        ],
        [
            0.4694101118256183,
            0.4814007741278671,
            0.4030669922302385,
            0.5462290588937238,
            0.6578102780054855,
            0.7745807775024898,
            0.8586787264957499,
            0.8951512045740906,
            0.9268577195248185,
            0.9525752786138943,
            0.9663707509686211,
            0.9700059353252813,
            0.9828963616385996,
            0.9887363010287358,
            0.9912953118254809,
            0.9952421521800815,
            1.0040379001221893,
            1.005923065737658,
            1.0105207860485637,
            1.009860427259901
        ]
    ]
}