{
    "MAPV_mean": [
        0.49236104267824204,
        0.5189204131528323,
        0.5440516524228906,
        0.697317942038574,
        0.7805910911419317,
        0.853374138254617,
        0.8970542224438584,
        0.9235008508457512,
        0.941713180090285,
        0.9552100822072992
    ],
    "MAPV": [
        [
            0.4719958276241298,
            0.4860357546919585,
            0.5620781119487928,
            0.7113997356806339,
            0.8005368930984477,
            0.8563160263514725,
            0.8826191244735704,
            0.9118177708202252,
            0.9227301815341602,
            0.9367239193657693
        ],
        [
            0.5206400510652318,
            0.5455785869698019,
            0.514829228858241,
            0.7096809953347772,
            0.792345352652146,
            0.8633184472801338,
            0.9075460080049442,
            0.921499980787601,
            0.9501663969033882,
            0.9640875347077058
        ],
        [
            0.472899190433107,
            0.5022634686725256,
            0.5816452287246081,
            0.7052304310749279,
            0.7668452454562013,
            0.8466540761265473,
            0.8974944696321105,
            0.9213046907472392,
            0.9398536041498858,
            0.9574545168636468
        ],
        [
            0.4997864785308921,
            0.5044969887480782,
            0.5258203347822547,
            0.6665827075712302,
            0.7705894184143411,
            0.8703876570982689,
            0.9191708674030876,
            0.947557475497334,
            0.9644399119105428,
            0.9777792978541993
        ],
        [
            0.49789673151445757,
            0.5146833147955848,
            0.5482306657808772,
            0.6866320477806378,
            0.764340422693079,
            0.8360763011076499,
            0.8793351708983972,
            0.911301221927972,
            0.9290527784726116,
            0.9383246413355808
        ],
        [
            0.4818780196809309,
            0.503819857006743,
            0.5243840270241262,
            0.6843933928979987,
            0.7641933291477652,
            0.8313725228821225,
            0.8834029918766577,
            0.914215727187485,
            0.9348030271491119,
            0.9505650333963076
        ],
        [
            0.5014309998989455,
            0.5755649211851345,
            0.5513739698413342,
            0.7173062839298116,
            0.8052869765315424,
            0.869493936936124,
            0.9098109248182409,
            0.9368090889524018,
            0.9509463605122949,
            0.9615356319278854
        ]
    ]
}