{
    "MAPV_mean": [
        0.49953326538797466,
        0.5161938010783437,
        0.5423331878243218,
        0.6468363797309246,
        0.7369058530537531,
        0.7884354885259431,
        0.8232980677851934,
        0.8514550924895367,
        0.8662416255653387,
        0.874343007515282
    ],
    "MAPV": [
        [
            0.5310628489218953,
            0.5455449484263649,
            0.5589286345909318,
            0.6695119103982822,
            0.7416485966213849,
            0.7747688072292261,
            0.8048972164719201,
            0.8230436427146856,
            0.8359140793883428,
            0.8405579926419908
        ],
        [
            0.5113997575152424,
            0.5226048816003325,
            0.5284277300918662,
            0.6317956339691354,
            0.7270940822516196,
            0.7970651328421109,
            0.8324998312991116,
            0.8544984791742144,
            0.8797089825402843,
            0.8845686182967083
        ],
        [
            0.4638884578851259,
            0.4853001758299838,
            0.49435338531690964,
            0.6009768268161151,
            0.7077679488959294,
            0.7853571297864907,
            0.8247740492214969,
            0.8545057324349261,
            0.8750846070048495,
            0.8858120976749413
        ],
        [
            0.4871347308879268,
            0.5168197479731337,
            0.5768751706925609,
            0.6758583549638928,
            0.7468951687020897,
            0.7989230331518598,
            0.8379929418915825,
            0.8731289609778554,
            0.8862797317693035,
            0.8927794709320109
        ],
        [
            0.49846898943951123,
            0.5038865883852522,
            0.5516507148951976,
            0.6413753863775509,
            0.7456715026008885,
            0.7872286014824565,
            0.8298283111805399,
            0.8702097743693179,
            0.881345503942211,
            0.8946717937797704
        ],
        [
            0.5045730433302816,
            0.5351608288819011,
            0.5266017589088794,
            0.6375124331911269,
            0.7362312405763115,
            0.7669381745310277,
            0.7905854643394508,
            0.8049916237118395,
            0.8149526427171744,
            0.8261671085299662
        ],
        [
            0.5002050297358392,
            0.5040394364514379,
            0.5594949202739077,
            0.6708241124003685,
            0.7530324317280471,
            0.8087675406584308,
            0.8425086600922524,
            0.8798074340439178,
            0.8904058315952055,
            0.8958439707515857
        ]
    ]
}