{
    "MAPV_mean": [
        0.5094111675975136,
        0.5404633192070888,
        0.5601391207339682,
        0.6905357669339238,
        0.7758391030141742,
        0.8426838004728568,
        0.8887433890011965,
        0.9136718790365752,
        0.9336227369491957,
        0.9467697773629694
    ],
    "MAPV": [
        [
            0.5193122714628645,
            0.5968123191008141,
            0.5596301301712441,
            0.690392718235821,
            0.799619169868638,
            0.8700436143030106,
            0.9050553632109719,
            0.9346707615718366,
            0.9570644531801655,
            0.9807212893099517
        ],
        [
            0.4803505096816731,
            0.5620510847923739,
            0.5678700959154377,
            0.6779723447752275,
            0.7345681400656222,
            0.8001781193990342,
            0.837624803255748,
            0.8648005596125286,
            0.8743414577889786,
            0.894785628122963
        ],
        [
            0.5224433301849221,
            0.4852785692754944,
            0.5253510892897552,
            0.6849131588608487,
            0.7759203592596118,
            0.8504577959977195,
            0.8988197093652839,
            0.916479584094663,
            0.9418586088833742,
            0.9517766630478801
        ],
        [
            0.5203035244810348,
            0.4518498033033028,
            0.5409091302035586,
            0.6478188893342698,
            0.7662873104585096,
            0.8120382031237208,
            0.8916480421599108,
            0.9275302500685425,
            0.946387996893807,
            0.9536869989098591
        ],
        [
            0.4889893385249963,
            0.5781551985397468,
            0.5747372583711063,
            0.6673187942723042,
            0.7638336408745344,
            0.8273775342255277,
            0.8792282482502928,
            0.9001462749928384,
            0.9252192449011761,
            0.9314801819382088
        ],
        [
            0.5011572256136831,
            0.5454030578963593,
            0.5286256186917513,
            0.6977696889091991,
            0.7452364329106469,
            0.8429422409047564,
            0.8804306409617134,
            0.9033821837153706,
            0.927655033247681,
            0.9436709175192147
        ],
        [
            0.5333219732334217,
            0.5636932015415304,
            0.6238505224949243,
            0.7675647741497958,
            0.8454086676616562,
            0.8957490953562284,
            0.9283969158044549,
            0.9486935392002469,
            0.9628323637491877,
            0.9712667626927094
        ]
    ]
}