{
    "MAPV_mean": [
        0.5016768413641929,
        0.5131446430717032,
        0.5369509324383396,
        0.6613812103637658,
        0.7485502290252636,
        0.8055381255874011,
        0.8472595257723523,
        0.8735200258814233,
        0.8907851287639528,
        0.9032646245099853
    ],
    "MAPV": [
        [
            0.5094118373016843,
            0.5129431624071932,
            0.5318432924207165,
            0.6770921811325009,
            0.7600004693733317,
            0.8101019853025796,
            0.8486198967551207,
            0.8749807558889953,
            0.8935024770021706,
            0.8998722826634469
        ],
        [
            0.5066221349301054,
            0.5138278503134984,
            0.5533092239089101,
            0.6604438459619898,
            0.7514307777726673,
            0.8140686971057254,
            0.8500150722429896,
            0.876586510149272,
            0.8930602669244351,
            0.9080381206074998
        ],
        [
            0.5087061888876016,
            0.5244175875408926,
            0.5337119383470149,
            0.6696322236141665,
            0.7479580916457474,
            0.8159063872002541,
            0.864171636351918,
            0.8871291054694715,
            0.9030771566937814,
            0.9119319445114307
        ],
        [
            0.4922145687041395,
            0.5365546589203272,
            0.5352912904336097,
            0.6661611746152083,
            0.761818432097909,
            0.8090282196222538,
            0.8475228440648922,
            0.8712013738431209,
            0.8865869798448563,
            0.9056835584505705
        ],
        [
            0.507439271690204,
            0.5193851529117705,
            0.5611064466796049,
            0.6395121522272946,
            0.7410499752984081,
            0.8082173610908227,
            0.8565710733507503,
            0.8877504208416,
            0.903093667368856,
            0.9101892097010081
        ],
        [
            0.5031255518503901,
            0.47438705049228935,
            0.5049094740309497,
            0.6359474202881646,
            0.7203949937727815,
            0.7816550607067719,
            0.8401870101484343,
            0.8557191102612951,
            0.8785293898862944,
            0.8979054910303258
        ],
        [
            0.48421833618522503,
            0.5104970389159514,
            0.5384848612475711,
            0.6808794747070357,
            0.7571988632160004,
            0.7997891680834006,
            0.8237291474923605,
            0.8612729047162084,
            0.877645963627276,
            0.8892317646056167
        ]
    ]
}