{
    "MAPV_mean": [
        0.4871640479977045,
        0.5200884581791555,
        0.546045822605185,
        0.6908676987224618,
        0.793284669356772,
        0.8479752953237989,
        0.8859808458469891,
        0.9124802804962433,
        0.9269847947217787,
        0.9369735889281506
    ],
    "MAPV": [
        [
            0.542697120279141,
            0.5260437103532201,
            0.5308292286251532,
            0.6942185344249586,
            0.8078080444639931,
            0.871571233641178,
            0.9215077609183934,
            0.9558445956435668,
            0.973951946538799,
            0.9844009418527944
        ],
        [
            0.4873644597744314,
            0.5386143014819006,
            0.5774645714119611,
            0.7205137152963211,
            0.8014194084478394,
            0.8361261832941503,
            0.8570421031471573,
            0.881664538694941,
            0.8883307502021978,
            0.9004275937190602
        ],
        [
            0.46338267403202066,
            0.5266177740429507,
            0.5171923145641345,
            0.6579973061794672,
            0.8061013883072168,
            0.8634288573486962,
            0.8903085806998475,
            0.9192679169264341,
            0.932334306400761,
            0.939517141135228
        ],
        [
            0.4721200798619828,
            0.5285494273394222,
            0.5608188252480744,
            0.6766804255784895,
            0.8051818207713428,
            0.8686965425698724,
            0.9064048110987422,
            0.938168486127215,
            0.9536409579726995,
            0.9631160255566218
        ],
        [
            0.49188173835845533,
            0.5344181654726065,
            0.5444969405142803,
            0.6884064265331412,
            0.7890759215238752,
            0.8517384624453482,
            0.9037357066447246,
            0.9350343950622279,
            0.95419028552518,
            0.9641738831997567
        ],
        [
            0.4695898561934177,
            0.4884823494074191,
            0.5498954845965521,
            0.7040834698317452,
            0.7904740556846718,
            0.856373826847952,
            0.9013764350934633,
            0.9235804401315746,
            0.9436564595126147,
            0.9563839608155722
        ],
        [
            0.4831124074844829,
            0.49789347915656945,
            0.5416233932761393,
            0.6941740132131088,
            0.7529320462984653,
            0.7878919611193946,
            0.8214905233265961,
            0.8338015908877434,
            0.8427888569001991,
            0.8507955762180217
        ]
    ]
}