{
    "MAPV_mean": [
        0.4981476696811444,
        0.5242170240015669,
        0.5418801840876858,
        0.6952798686099078,
        0.7894047461293051,
        0.852022043788662,
        0.8940412611351148,
        0.9233741495890075,
        0.9399673885933977,
        0.9519845511547416
    ],
    "MAPV": [
        [
            0.5108903780580412,
            0.5274159810130815,
            0.5475862692655477,
            0.6779010128234177,
            0.7862187093909365,
            0.8258934662444201,
            0.874921260043625,
            0.9043899919101797,
            0.9170707348822641,
            0.9405889946688686
        ],
        [
            0.4890820462244544,
            0.526366838155598,
            0.5289566352165022,
            0.7038272649169317,
            0.7985192077576677,
            0.8514947621447871,
            0.8920136203324336,
            0.9220984581500277,
            0.9372437062926203,
            0.9432983039188643
        ],
        [
            0.47972504750198924,
            0.5303550599509278,
            0.5032179437151143,
            0.6838776555960987,
            0.7834649042462625,
            0.8590829081835712,
            0.8966463104920998,
            0.9359255541370669,
            0.9580025267369945,
            0.9656442485316634
        ],
        [
            0.5033899874848425,
            0.49838324420697894,
            0.5399120611403384,
            0.7015102498379508,
            0.7877812859502829,
            0.8600536170369062,
            0.9053534193310692,
            0.9370460599509937,
            0.9495458856200074,
            0.9616606109060964
        ],
        [
            0.4992693057030886,
            0.5382811968197254,
            0.5737172170751765,
            0.7219715172402134,
            0.8145810561043899,
            0.8589446674999262,
            0.9015906224840835,
            0.934598989787243,
            0.9458492721627708,
            0.9527381255059539
        ],
        [
            0.49753778480558003,
            0.524728669029785,
            0.5618024162346704,
            0.6867993915640732,
            0.782157514683252,
            0.8481461285066845,
            0.8834327828788933,
            0.9015027207927265,
            0.9223533766724021,
            0.9411862325797281
        ],
        [
            0.507139137990015,
            0.5239881788348709,
            0.5379687459664511,
            0.6910719882906685,
            0.7731105447723433,
            0.8605387569043382,
            0.9043308123835997,
            0.9280572723948151,
            0.9497062177867258,
            0.9587753419720163
        ]
    ]
}