{
    "MAPV_mean": [
        0.5716936098214027,
        0.5478166712963135,
        0.5324179067662784,
        0.558245018229096,
        0.623080899859859,
        0.6871404397402701,
        0.7579489492341777,
        0.8239405452649889,
        0.8676031573223749,
        0.8953269513947977,
        0.9191921213589455,
        0.9356713978364206,
        0.9489130371974027,
        0.9560034692843734,
        0.9637113680966528,
        0.9694337679610613,
        0.974129759064855,
        0.978725000862898,
        0.9817860641250237,
        0.9857670618991906
    ],
    "MAPV": [
        [
            0.5587007152263794,
            0.5559596511546988,
            0.5216457318658505,
            0.5502671750576213,
            0.6070422629845462,
            0.65746493066642,
            0.7183423942671768,
            0.7901043420614624,
            0.8452271187722546,
            0.8814036205551133,
            0.9067598178541648,
            0.9236691121314063,
            0.9435609521384222,
            0.9508827419961857,
            0.9590708758082863,
            0.9634770663785811,
            0.972068950984447,
            0.9774519289705629,
            0.9796751661299131,
            0.9826810004955522
        ],
        [
            0.577399417808984,
            0.564461371744539,
            0.5391961732498237,
            0.5509973781091286,
            0.636381315918075,
            0.7177660931524715,
            0.7860363139593622,
            0.8316810785146628,
            0.8644366834688095,
            0.9003966961797057,
            0.9305033727735388,
            0.9445877210307948,
            0.9548201941693408,
            0.9619565362980033,
            0.9715412487417487,
            0.9820902613589917,
            0.9863044684295127,
            0.9908466342990672,
            0.9942457208252867,
            0.9986577332864122
        ],
        [
            0.5860623900358446,
            0.5418890784412539,
            0.5591149676898477,
            0.5596994175629958,
            0.6438923146857304,
            0.7194224437758241,
            0.7802111643956268,
            0.8527330464207746,
            0.8905660283253953,
            0.9139064539269075,
            0.9319585564069118,
            0.9450541905112456,
            0.9581734779770528,
            0.966471623007184,
            0.9737192767753322,
            0.9776490273859645,
            0.9828049571254339,
            0.985158383057329,
            0.9858966568745147,
            0.9926161204186358
        ],
        [
            0.5674707968198716,
            0.5162904904964154,
            0.49992434284704923,
            0.5576068620572022,
            0.606423555927405,
            0.6601064959536458,
            0.7410370626748229,
            0.7978814178615452,
            0.847313170045062,
            0.8606902638822135,
            0.8873652615690074,
            0.9067217792393567,
            0.91827517524012,
            0.9274379257815119,
            0.9343219825474633,
            0.9404215765271824,
            0.9439978567385211,
            0.9497617896547489,
            0.9571147908624359,
            0.9591960635757569
        ],
        [
            0.5772507226434386,
            0.5643506548029351,
            0.5436857128880674,
            0.5765844315590483,
            0.649215876658608,
            0.7105775261319124,
            0.775080042143486,
            0.840062684212211,
            0.8812520838354615,
            0.91494154470484,
            0.9352966164681121,
            0.9514290397230771,
            0.9641835032733337,
            0.968428265032097,
            0.9757114444421027,
            0.9839309899605899,
            0.9863359232356593,
            0.9900568430015952,
            0.9938994700870377,
            0.9963793599050909
        ],
        [
            0.5593533963778018,
            0.553334261949916,
            0.5205408240516971,
            0.5627839266594116,
            0.5921823002932981,
            0.6437404134502397,
            0.7272270390399083,
            0.8041333650942522,
            0.8495938511072124,
            0.8805756497183413,
            0.8993373458482667,
            0.9209897126880536,
            0.9381964287146307,
            0.9469623220563126,
            0.9534041473736783,
            0.9559371876515896,
            0.9596814293710312,
            0.9652580300240531,
            0.9659670000756,
            0.9722058776826711
        ],
        [
            0.5756178298374987,
            0.5384311904844362,
            0.5428175947716133,
            0.5497759365982647,
            0.6264286725513505,
            0.7009051750513758,
            0.7777086281588608,
            0.8509878826900142,
            0.8948331657024289,
            0.9153744307964624,
            0.9431238785926165,
            0.9572482295310094,
            0.9651815288689187,
            0.9698848708193197,
            0.9782106009879566,
            0.9825302664645296,
            0.9877147275693803,
            0.9925413970329303,
            0.9957036440203776,
            0.9986332779302145
        ]
    ]
}