{
    "MAPV_mean": [
        0.49728360040747205,
        0.5689685552198911,
        0.59022512257261,
        0.7093276162362211,
        0.7969147763515273,
        0.8584712515501216,
        0.8973491602555078,
        0.9237687569504826,
        0.9438194407546165,
        0.9548475413055295
    ],
    "MAPV": [
        [
            0.4957495155618522,
            0.515297669317556,
            0.5473719428406352,
            0.6817078194598623,
            0.770445444606243,
            0.8421801690811624,
            0.8848422851127129,
            0.9136729805376865,
            0.9332626589632392,
            0.9468111275061865
        ],
        [
            0.5056133354754183,
            0.5519373214991237,
            0.5478743253584082,
            0.6731317900973548,
            0.7694810281372164,
            0.8402858296078485,
            0.8865371452355311,
            0.9108499451084598,
            0.9383106456099116,
            0.9469562657457874
        ],
        [
            0.5281612794350533,
            0.6456128330582174,
            0.6396494195093536,
            0.7764615879830176,
            0.8643216685024682,
            0.9016866868116059,
            0.9334483212208909,
            0.9616148525048357,
            0.9775639379405864,
            0.9880535406086485
        ],
        [
            0.4853773471898114,
            0.571425062724442,
            0.5922382261426612,
            0.7003166451345579,
            0.8105008442806589,
            0.8630121310022723,
            0.9108782855155698,
            0.9392215751279641,
            0.965145867722192,
            0.9775246283722316
        ],
        [
            0.46394797888655914,
            0.6020501023747253,
            0.6229760692481575,
            0.7565042579352315,
            0.8185742334028179,
            0.8683873537831374,
            0.9022635207403022,
            0.9204194105882512,
            0.9338515078295185,
            0.9384724818140158
        ],
        [
            0.49644941260636977,
            0.5902497371718434,
            0.5851515352193161,
            0.6891599959065077,
            0.7724942874398936,
            0.8347932619549412,
            0.8606626774310072,
            0.8894305711196968,
            0.902301746800203,
            0.914377566687026
        ],
        [
            0.5056863336972403,
            0.5062071603933295,
            0.5963143396897378,
            0.6880112171370154,
            0.7725859280913929,
            0.8589533286098828,
            0.9028118865325411,
            0.9311719636664841,
            0.9562997204166642,
            0.9717371784048097
        ]
    ]
}