{
    "MAPV_mean": [
        0.5021270150313837,
        0.5381354614377881,
        0.5578608265626899,
        0.6904967608235788,
        0.7759122984998346,
        0.8388781834822591,
        0.8849291192640143,
        0.9094586087580584,
        0.92877581586507,
        0.9435012885838976
    ],
    "MAPV": [
        [
            0.5319667619409381,
            0.5534060910798634,
            0.56855655352926,
            0.7260206940415032,
            0.8017395705048472,
            0.8460787655461068,
            0.90496663289387,
            0.9194264765534743,
            0.9427810413172204,
            0.9565794964900552
        ],
        [
            0.5196572984921003,
            0.5828348515701307,
            0.5593542689835032,
            0.6918569963533118,
            0.7876399893781325,
            0.8592480122566029,
            0.8953284277364082,
            0.9189769016109627,
            0.9376476964562657,
            0.9551009756077261
        ],
        [
            0.5001372148922777,
            0.5524546256247492,
            0.5645041327637715,
            0.6459195582524133,
            0.7689345701975546,
            0.8499607180535801,
            0.8787916456003487,
            0.9097203215162797,
            0.9256337848896513,
            0.9445433931076066
        ],
        [
            0.5214259266061758,
            0.5698370548631331,
            0.6059209223049815,
            0.7192916589926873,
            0.8019385958673287,
            0.8576612712071497,
            0.8991620110429326,
            0.9153790801126545,
            0.9312544294349192,
            0.9422716069328947
        ],
        [
            0.4718648483335427,
            0.49403636183520266,
            0.5606399516698419,
            0.705397869653429,
            0.7671801388581628,
            0.8320179352254178,
            0.888987041706377,
            0.9102917705552375,
            0.9412277065090335,
            0.9581432276997298
        ],
        [
            0.48046038117682655,
            0.470410535317926,
            0.5404475890574953,
            0.6611293064966252,
            0.7571688983967512,
            0.8323640204542888,
            0.8972365000238,
            0.9275420841443153,
            0.943989067136703,
            0.9585476561221458
        ],
        [
            0.4893766737778252,
            0.5439687097735122,
            0.5056023676299752,
            0.6838612419750819,
            0.7467843262960644,
            0.7948165616326679,
            0.8300315758443632,
            0.8648736268134848,
            0.878896985311697,
            0.889322664127125
        ]
    ]
}