{
    "MAPV_mean": [
        0.5818741729786181,
        0.5073341318140019,
        0.5111279134457959,
        0.556410657360533,
        0.6087845286827321,
        0.6806383384533261,
        0.7590455099391286,
        0.8220259267210215,
        0.8685374833843624,
        0.9017676717853876,
        0.9262136818577549,
        0.9436471294022699,
        0.9578028569959004,
        0.9668051322460437,
        0.9740988385729301,
        0.9802274819966289,
        0.9853358710069369,
        0.9885922289574963,
        0.9912145814880569,
        0.994285134933844
    ],
    "MAPV": [
        [
            0.5899307651557183,
            0.5321767692993213,
            0.525837440758372,
            0.5567866700923905,
            0.6181867881196629,
            0.6990985642471276,
            0.7754833628816482,
            0.8324802749649592,
            0.8777330922630321,
            0.916235560618281,
            0.9288831729569046,
            0.9457373681614702,
            0.9629908211007947,
            0.9666591037751684,
            0.9767404365783356,
            0.9828674813946257,
            0.9861235855677717,
            0.9902009105767545,
            0.9943756860517936,
            0.995909489333488
        ],
        [
            0.5774551268020437,
            0.5181548676809428,
            0.5434828632637465,
            0.5471238541884637,
            0.6046240799459107,
            0.6783802183772387,
            0.759423843989915,
            0.8159707790349408,
            0.8545747152881987,
            0.8881560873602968,
            0.922485632999863,
            0.9346496480925441,
            0.9516978027301625,
            0.9603896260037533,
            0.9662842925266747,
            0.9788211617712476,
            0.9832615681880821,
            0.9890783400107083,
            0.9922070912857729,
            0.9931864663823383
        ],
        [
            0.5886019004019374,
            0.5334463965182111,
            0.5152748922975444,
            0.5627749663551623,
            0.6260347244616062,
            0.6979682768952988,
            0.7779936207322401,
            0.8437995921212877,
            0.8876321342099694,
            0.9136761803512945,
            0.9355649657248485,
            0.9526218941903705,
            0.9660341705539202,
            0.9723531868884548,
            0.9741536501139274,
            0.9799011907525782,
            0.9855143555707478,
            0.9892630223055878,
            0.9900681877089705,
            0.9967266381842687
        ],
        [
            0.571621250717355,
            0.5517376300111051,
            0.519441008567024,
            0.5634129387992752,
            0.6070549272169412,
            0.6804527534974129,
            0.7414931359364533,
            0.8180718122991865,
            0.8770836820585205,
            0.9086724947810508,
            0.9399857062941921,
            0.9587674061098514,
            0.9709226820062475,
            0.9792964179975839,
            0.9869286422832668,
            0.9913484744162344,
            0.9946039662798041,
            0.9981535126238567,
            0.9992476171146518,
            1.0015294354712219
        ],
        [
            0.5866278849268501,
            0.44519953013593544,
            0.4993549537415512,
            0.5655232394886239,
            0.5968310142495015,
            0.6789990148529601,
            0.7628045255639525,
            0.8084664540350127,
            0.857627743911318,
            0.8926473820203766,
            0.9195032721770913,
            0.9432018419444744,
            0.955804494756405,
            0.9693146659444913,
            0.9766681052096259,
            0.9843482228701361,
            0.9874532265626703,
            0.9893312630305092,
            0.9940775702446859,
            0.9947222767370073
        ],
        [
            0.5911923891459833,
            0.5083167257254034,
            0.4995723992203584,
            0.5610031746364769,
            0.6209992152573353,
            0.6722348074272547,
            0.7611375957839391,
            0.8375386503710575,
            0.8779023851217934,
            0.9142145808054271,
            0.9297545816748616,
            0.9467714599197059,
            0.961652122117636,
            0.9721146515493123,
            0.9828828289229147,
            0.9844191804321665,
            0.9917743555065075,
            0.9938470914924715,
            0.9948930831061125,
            0.9981416894424241
        ],
        [
            0.5676898937004385,
            0.46230700332709435,
            0.4749318362719748,
            0.5382497579633388,
            0.5877609515281672,
            0.6573347338759903,
            0.7349824846857517,
            0.7978539242207052,
            0.8472086308377037,
            0.8787714165609862,
            0.9073184411765228,
            0.9237802873974725,
            0.9355179057061365,
            0.9475082735635417,
            0.955033914375766,
            0.9598866623394132,
            0.9686200393729751,
            0.9702714626625857,
            0.9736328349044112,
            0.9797799489861586
        ]
    ]
}