{
    "MAPV_mean": [
        0.4983162532164988,
        0.5519421826678855,
        0.5728188029237039,
        0.6828294201611399,
        0.7795265885020083,
        0.8445382979229288,
        0.887105371546204,
        0.9118122260719242,
        0.9318703316019941,
        0.9419549781881774
    ],
    "MAPV": [
        [
            0.5067431932702899,
            0.5278808638432829,
            0.5571018000157524,
            0.6267337415158795,
            0.7651050646354919,
            0.8308075774151248,
            0.8843568566822948,
            0.9189347416987327,
            0.948899158665483,
            0.9518893735076992
        ],
        [
            0.5339650614084418,
            0.6001046102677405,
            0.6153456281963877,
            0.7250849069521654,
            0.80966585826831,
            0.8814760529564798,
            0.9217805458157575,
            0.9409584658612217,
            0.9577313336173093,
            0.9715906031175587
        ],
        [
            0.4590507910517356,
            0.5837600299569395,
            0.5811686206290885,
            0.6905745320747158,
            0.7924835745118719,
            0.8406489311542517,
            0.8782591172697257,
            0.8987350046383789,
            0.91760114184551,
            0.927837978011179
        ],
        [
            0.45633696452481926,
            0.5615735412296117,
            0.5637696202733951,
            0.6834960710603206,
            0.7407284457028823,
            0.8041309991003599,
            0.836582525886453,
            0.8557409533558279,
            0.8755944277053979,
            0.8874241109555719
        ],
        [
            0.5003961522726388,
            0.5822702316318222,
            0.5915743793699783,
            0.7255588055092663,
            0.8238916499394067,
            0.8902142300928412,
            0.9160232586900908,
            0.9315482881566716,
            0.9480491080262895,
            0.9516305500114354
        ],
        [
            0.509748382666638,
            0.504681334014286,
            0.555864813375248,
            0.6605166214263414,
            0.7747729483020579,
            0.8341331422713278,
            0.8810676408733387,
            0.9084703210779345,
            0.9279203535426174,
            0.9427153938217057
        ],
        [
            0.5219732273209282,
            0.5033246677315156,
            0.5449067586060776,
            0.6678412625892907,
            0.7500385781540363,
            0.8303571524701155,
            0.8916676556057682,
            0.9282978077147027,
            0.9472967978113506,
            0.9605968378920919
        ]
    ]
}