{
    "MAPV_mean": [
        0.5020205077455951,
        0.5517796347694149,
        0.5817073791357764,
        0.6952715602162824,
        0.7893989684791258,
        0.8443241997958435,
        0.887007802122507,
        0.9125625715414044,
        0.9252589614976389,
        0.9321606815471879
    ],
    "MAPV": [
        [
            0.5204791908129854,
            0.5060966398760843,
            0.6213333853905413,
            0.707517737293783,
            0.7997781246304281,
            0.856060944697427,
            0.8998813566014723,
            0.9299146672751576,
            0.9383288752897756,
            0.9488230717797752
        ],
        [
            0.5177593739234504,
            0.49292406879942485,
            0.579254991926831,
            0.690166440390861,
            0.7746378580390709,
            0.8466330703180546,
            0.8905383499354614,
            0.9265746225530879,
            0.9416051111679755,
            0.9399591596933005
        ],
        [
            0.5203710922958674,
            0.5968799990052909,
            0.6020759430689442,
            0.7117583579009156,
            0.8231618742247089,
            0.8708644264885106,
            0.9145008802456958,
            0.9371227268243699,
            0.9510937465293677,
            0.9579310159852333
        ],
        [
            0.48889253406515254,
            0.5941015426419143,
            0.5738942632611731,
            0.7049556165115111,
            0.7895371963212748,
            0.8397640939139597,
            0.8704948516593335,
            0.8915473840834265,
            0.8959098857767386,
            0.9035660864820086
        ],
        [
            0.523605660980508,
            0.5761419224079412,
            0.5624488034342644,
            0.6973183545156518,
            0.7903807881731543,
            0.8421614031881569,
            0.8887164390898855,
            0.9064566208351772,
            0.9207168267665824,
            0.9285919445440884
        ],
        [
            0.462949094306648,
            0.5229078598954063,
            0.5597674214052938,
            0.6754603497944537,
            0.7626133792672928,
            0.8298359245648724,
            0.8753327475664854,
            0.9007636674528249,
            0.9184434713859041,
            0.9242555746998045
        ],
        [
            0.48008660783455487,
            0.5734054107598427,
            0.573176845463387,
            0.6797240651068011,
            0.7856835586979505,
            0.8249495353999236,
            0.8695899897592144,
            0.8955583117657865,
            0.9107148135671268,
            0.9219979176461046
        ]
    ]
}