{
    "MAPV_mean": [
        0.5288300953654679,
        0.4963403988412286,
        0.4193717231246841,
        0.41132303858329183,
        0.4286904798204584,
        0.48890829243378475,
        0.5848546709586587,
        0.7054175360561317,
        0.7942578268670968,
        0.8614180354512528,
        0.9005312344471669,
        0.9181150007760899,
        0.9326502480999036,
        0.941629165577592,
        0.9453105401099547,
        0.9490232649826981,
        0.9514798434916826,
        0.9524713884341256,
        0.9530471884513497,
        0.9538508931984101
    ],
    "MAPV": [
        [
            0.515255335134196,
            0.4717255279871436,
            0.43434463181100375,
            0.4156097650195685,
            0.4192005645342623,
            0.48520030359289457,
            0.5908919723823418,
            0.7030397967203166,
            0.7973433287968675,
            0.8679286270200052,
            0.9010502843346668,
            0.9222030486863556,
            0.9360410378066877,
            0.9445522317757732,
            0.9483973963470179,
            0.9515190639745843,
            0.9536411741861416,
            0.9534908015053718,
            0.9565502117566295,
            0.9577383034571687
        ],
        [
            0.544649860264216,
            0.5067988579171632,
            0.39754155836405985,
            0.42326780536886166,
            0.4612324354002104,
            0.45995271513354036,
            0.5842758359461023,
            0.6902337636661966,
            0.7873548673444092,
            0.8478021906122173,
            0.8980361926553769,
            0.919095440220807,
            0.931799012087046,
            0.9460297595653909,
            0.9497980733493546,
            0.9494134462047973,
            0.9535750765001598,
            0.9546368433743374,
            0.9536703601074465,
            0.955301826895795
        ],
        [
            0.5197500695814663,
            0.4901496571770531,
            0.4134271326444941,
            0.39689325852224916,
            0.448918357459361,
            0.5212693782842918,
            0.5952350129564079,
            0.7262792855132039,
            0.7895627429113898,
            0.8789518971653821,
            0.9158622884846545,
            0.9191605781408215,
            0.9350119745979184,
            0.9475444330174788,
            0.9486598281943525,
            0.9567822973022505,
            0.9581977955322586,
            0.9587829841358508,
            0.9591425887581889,
            0.9592075882955943
        ],
        [
            0.5225895268572545,
            0.5112227462497817,
            0.446950477402823,
            0.3970164493718488,
            0.42403769341981795,
            0.48010007028167884,
            0.5900242469391749,
            0.6987802388258995,
            0.8010003707682883,
            0.8578723704714272,
            0.9084815447049104,
            0.9252607349673521,
            0.9381654277512442,
            0.9474290388133927,
            0.9481604630675508,
            0.9567645716972591,
            0.9573303775000873,
            0.9591195670998783,
            0.9599579932399849,
            0.9603612188424941
        ],
        [
            0.5308937093699795,
            0.5051182861735358,
            0.43846605250806187,
            0.428304139883514,
            0.4213093005391585,
            0.5113543028147194,
            0.6337273232217638,
            0.7322167171195546,
            0.7990106017840766,
            0.8836723533320608,
            0.9117855586446664,
            0.9215308536134927,
            0.9363136616871423,
            0.9424308753899852,
            0.951108974224375,
            0.954651021440216,
            0.9574306338567413,
            0.9592696251920882,
            0.9592621012869199,
            0.9611029866147309
        ],
        [
            0.5331834480675426,
            0.4979290429282438,
            0.40769449186813517,
            0.38027893416292213,
            0.40374403873311676,
            0.49833291440182764,
            0.5521764089043294,
            0.7028646776225947,
            0.7867382020097248,
            0.8497893505361316,
            0.8814294312986876,
            0.9069026402519224,
            0.9245898875024127,
            0.9297459133878971,
            0.9334206624016629,
            0.9354493446389437,
            0.9383309228755274,
            0.9394139288357628,
            0.9397986204641412,
            0.9400685844839706
        ],
        [
            0.5354887182836211,
            0.49143867345567904,
            0.3971777172742114,
            0.43789091775407846,
            0.4223909686572817,
            0.46614836252754105,
            0.5476518963604912,
            0.6845082729251553,
            0.7987946744549211,
            0.843909459021544,
            0.8870733410072058,
            0.912651709551878,
            0.9266307352668733,
            0.9336719070932259,
            0.9376283831853688,
            0.9385831096208364,
            0.9418529239908615,
            0.9425859688955888,
            0.9429484435461383,
            0.9431757437991166
        ]
    ]
}