{
    "MAPV_mean": [
        0.48074086985924236,
        0.5300927349705319,
        0.467838103069545,
        0.5719754489790025,
        0.7307178335017012,
        0.8257824680626958,
        0.8805154208959481,
        0.9077825956365067,
        0.9234980740587881,
        0.9351112773616336
    ],
    "MAPV": [
        [
            0.4943246055250629,
            0.5391880917699327,
            0.49150710456576396,
            0.5428399126999714,
            0.7125806331600217,
            0.80918407981897,
            0.8564602682666579,
            0.8922955204558028,
            0.914931971212634,
            0.9229853535941159
        ],
        [
            0.46453248867369384,
            0.5419359232994975,
            0.4337238829195987,
            0.5437051104801818,
            0.7070177070535101,
            0.8108716974516265,
            0.8673738049663626,
            0.8934675654253555,
            0.9082239007771791,
            0.9216057309395183
        ],
        [
            0.4470309019345111,
            0.4834213952551148,
            0.4825329529719782,
            0.5482691431767386,
            0.7230752607260617,
            0.8191401439025631,
            0.885108636029101,
            0.9143883164415171,
            0.931757352584561,
            0.9355549815115117
        ],
        [
            0.4729798446271913,
            0.5673977255768098,
            0.4700962607547493,
            0.5899952960592681,
            0.756705796541242,
            0.8448165495984712,
            0.9001636152199763,
            0.9182679800992521,
            0.936834873720287,
            0.9504003235235314
        ],
        [
            0.49604233357361693,
            0.5391233646379114,
            0.4761170989576495,
            0.5777807930691191,
            0.7454153498962484,
            0.8386261957198597,
            0.893210121478004,
            0.9242781859827636,
            0.9309424522728619,
            0.9470116801167969
        ],
        [
            0.48433820904516833,
            0.49907604628472535,
            0.43681900247940353,
            0.5770547750485665,
            0.7258124911041953,
            0.8115093798584717,
            0.8543176660373863,
            0.8803848854388436,
            0.8940542062518213,
            0.9112582265434102
        ],
        [
            0.5059377056354522,
            0.5405065979697318,
            0.4840704188376717,
            0.6241831123191722,
            0.7444175960306294,
            0.8463292300889085,
            0.906973834274148,
            0.9313957156120125,
            0.9477417615921723,
            0.9569626453025507
        ]
    ]
}