{
    "MAPV_mean": [
        0.48058769741268736,
        0.505573507032955,
        0.48293861180084113,
        0.544481520326867,
        0.6813051827961348,
        0.773641905945671,
        0.821789931455101,
        0.8525254691727844,
        0.8717835280795273,
        0.8817901497276465
    ],
    "MAPV": [
        [
            0.48604736427806305,
            0.5095243722433815,
            0.522342702195844,
            0.5568838114258613,
            0.6735765320136863,
            0.7867888261541418,
            0.816938566366133,
            0.8546016952961665,
            0.8725151156591984,
            0.8777936055580561
        ],
        [
            0.4706369819416889,
            0.5189255608154533,
            0.49262452919845373,
            0.5682948284397981,
            0.6915732642084621,
            0.781773595895138,
            0.8227484878786483,
            0.8445711303412752,
            0.8680362220598229,
            0.8840939020413671
        ],
        [
            0.4908181221476216,
            0.5133511741105501,
            0.4782558773031942,
            0.5305013972661886,
            0.69755197773094,
            0.7697837753178172,
            0.842650835959884,
            0.8724087177890563,
            0.8884398337844815,
            0.9010826085527629
        ],
        [
            0.4872947398556699,
            0.4779809520393531,
            0.4605917153679168,
            0.5155974637985644,
            0.6657448914260679,
            0.7520072479946731,
            0.8087503702007798,
            0.8541994644200729,
            0.8618591492149338,
            0.8723586771578976
        ],
        [
            0.4881119728452588,
            0.504221016350448,
            0.46629004638892363,
            0.5239254710078934,
            0.6817792331714193,
            0.769823387481507,
            0.8219364483309697,
            0.8475185855153327,
            0.8807139561183143,
            0.8879411371505725
        ],
        [
            0.466520638832216,
            0.4872125605679273,
            0.484519714511899,
            0.564367379933382,
            0.6762587992368924,
            0.7844758251217322,
            0.8209010077632618,
            0.8471430463759683,
            0.861318532714866,
            0.8693634680661064
        ],
        [
            0.4746840619882931,
            0.5277989131035717,
            0.47594569763965655,
            0.5518002904163815,
            0.6826515817854762,
            0.7708406836546874,
            0.8186038036860306,
            0.84723564447162,
            0.8696018870050752,
            0.8798976495667621
        ]
    ]
}