{
    "MAPV_mean": [
        0.47127150706205356,
        0.5527598079086384,
        0.44002129469561835,
        0.5634395239602032,
        0.7215261516707029,
        0.8336149172328883,
        0.8859640823309888,
        0.9205415942678874,
        0.9399433921314195,
        0.9473640847907475
    ],
    "MAPV": [
        [
            0.45933603248434657,
            0.5460492620302241,
            0.442186951465094,
            0.5947770983502096,
            0.7247638897328577,
            0.8048958490363095,
            0.8822710540363538,
            0.9212092662742358,
            0.9437774249801923,
            0.9516352206154429
        ],
        [
            0.4654987642084042,
            0.5486310542673273,
            0.4367917418163178,
            0.5955163962883522,
            0.736144528831199,
            0.8490086518004158,
            0.8934886084453441,
            0.9286388883657329,
            0.9591814846366566,
            0.9648329455595112
        ],
        [
            0.4732130952774449,
            0.5515325993576023,
            0.4601059877881139,
            0.5573355580471975,
            0.7050833869220803,
            0.8471650741207705,
            0.8945660969635248,
            0.9226210832052377,
            0.9422047737805429,
            0.9469799044545917
        ],
        [
            0.4786078752972758,
            0.5767918951220828,
            0.4551910621290441,
            0.5705123614645591,
            0.7137493949328696,
            0.8571235244274393,
            0.8968478781318346,
            0.941605158981315,
            0.9522247446069927,
            0.9606932949951746
        ],
        [
            0.4890056428298409,
            0.5593318790449306,
            0.46785769398889504,
            0.5465760862349891,
            0.7240961772706501,
            0.8275351043998842,
            0.8853535506009453,
            0.9132829979087294,
            0.9275801873184275,
            0.9340953071496946
        ],
        [
            0.49606023211453176,
            0.5427806137355972,
            0.4141983501424656,
            0.5476176860811847,
            0.7228979397887306,
            0.8282510616990627,
            0.8709558504027809,
            0.9119536299689563,
            0.9318292939604302,
            0.9403138459059364
        ],
        [
            0.43717890722253094,
            0.5442013518027047,
            0.40381727553939795,
            0.5317414812549311,
            0.7239477442165341,
            0.821325155146336,
            0.8782655377361386,
            0.904480135171004,
            0.9228058356366955,
            0.9329980748548821
        ]
    ]
}