{
    "MAPV_mean": [
        0.5025779708817285,
        0.534279373672571,
        0.5434425133953786,
        0.7172733728340935,
        0.7972383381590075,
        0.8544339555946948,
        0.891993687094965,
        0.9175939914092768,
        0.9310906909519716,
        0.9418502976218452
    ],
    "MAPV": [
        [
            0.4760975078611122,
            0.5026461995482303,
            0.5167941862445404,
            0.6963877738340153,
            0.7683486514243139,
            0.8519120738156515,
            0.8864711850901364,
            0.9330923218566298,
            0.9384098258986313,
            0.9660121895437893
        ],
        [
            0.49335241197629337,
            0.5111594706901496,
            0.5393922363107315,
            0.7124322831632803,
            0.7792618739226882,
            0.8306168768325727,
            0.8967175227028907,
            0.9079411426955074,
            0.9350221769151734,
            0.949099932006117
        ],
        [
            0.4989383355098262,
            0.5380583460878613,
            0.5238189156902076,
            0.6902082912907381,
            0.8138192434186639,
            0.8538887791009507,
            0.8966966672322484,
            0.9211931696102058,
            0.9361656649258894,
            0.9412180337426493
        ],
        [
            0.5062777355915447,
            0.5296501758715203,
            0.5494532004127599,
            0.7195946905581584,
            0.798831729113631,
            0.8586701070122216,
            0.886460862747248,
            0.9079201592310091,
            0.9245019469401471,
            0.933997568729702
        ],
        [
            0.5292966351395049,
            0.5636609964600837,
            0.5727749663498273,
            0.7338987071786074,
            0.7826162906196293,
            0.8389120062937204,
            0.870581456520452,
            0.9049074807180406,
            0.9207208244345125,
            0.923704919502892
        ],
        [
            0.5189504394317466,
            0.5545043339623271,
            0.5390815179083364,
            0.7592520852401584,
            0.8185265182278698,
            0.8625128235713188,
            0.8870875897494473,
            0.9015049517472593,
            0.908723682087755,
            0.9174999549728854
        ],
        [
            0.4951327306620718,
            0.5402760930878239,
            0.5627825708512474,
            0.709139778573697,
            0.8192640603862562,
            0.8845250225364276,
            0.9199405256223314,
            0.9465987140062846,
            0.9540907154616928,
            0.9614194848548815
        ]
    ]
}