{
    "MAPV_mean": [
        0.5095596902972204,
        0.5690111307841371,
        0.5516628640764395,
        0.7041371410073539,
        0.798017027511025,
        0.8518455043579113,
        0.8918905911708962,
        0.9152367351663534,
        0.9321042265972065,
        0.9399028709888751
    ],
    "MAPV": [
        [
            0.5045654833035594,
            0.5674908135169823,
            0.5554776942900328,
            0.7408193642546286,
            0.8069129477593616,
            0.8571871794794276,
            0.8896554764189306,
            0.9016306264546867,
            0.9271283740452517,
            0.9285908845888939
        ],
        [
            0.48189149226030115,
            0.5237713042770533,
            0.5006320564914681,
            0.6498862549926114,
            0.7395748841521067,
            0.8096339192651061,
            0.84836479202544,
            0.8836611330049191,
            0.9086334837385133,
            0.9272054708204778
        ],
        [
            0.49047396956098654,
            0.5605959044704502,
            0.5711144856214214,
            0.7068614878800097,
            0.8283362209400763,
            0.8590423562251491,
            0.9108055493142513,
            0.9275599427887103,
            0.9406988087521112,
            0.9420844468949706
        ],
        [
            0.5082823173929495,
            0.583549728595112,
            0.5310250622898607,
            0.6795095414213604,
            0.7950335888914509,
            0.8509241469425789,
            0.8965675010433115,
            0.9340947487499804,
            0.9463669181616851,
            0.9587763183355155
        ],
        [
            0.5385218162099807,
            0.643980814540956,
            0.6222892577351714,
            0.760655001746212,
            0.8300556864070042,
            0.8733236953307948,
            0.8954921074337151,
            0.9116693440853837,
            0.9238878417710733,
            0.926013139856956
        ],
        [
            0.5282603808609985,
            0.5589191702869847,
            0.5849976841427746,
            0.7136161753065113,
            0.7841759984025108,
            0.8476786956124279,
            0.8854990024580861,
            0.9063049610292347,
            0.9211700717642421,
            0.9323463160082724
        ],
        [
            0.5149223724917669,
            0.5447701798014216,
            0.49610380796434744,
            0.6776121614501434,
            0.8020298660246639,
            0.8651285376498951,
            0.9168497095025386,
            0.9417363900515592,
            0.9568440879475677,
            0.96430352041704
        ]
    ]
}