{
    "MAPV_mean": [
        0.49676394564959914,
        0.5470832798922972,
        0.5668403257254306,
        0.7096143545674695,
        0.7948384347866345,
        0.8514211799151344,
        0.8833509819764105,
        0.9055669871736522,
        0.9195333271893534,
        0.9300442494889792
    ],
    "MAPV": [
        [
            0.45777216201644916,
            0.5045134338633661,
            0.4736511968897661,
            0.636397117682213,
            0.7343261808849473,
            0.8231424498386053,
            0.8705623811341431,
            0.9178366731821066,
            0.9377216197957106,
            0.952004415873662
        ],
        [
            0.5149796735688549,
            0.5561774792808994,
            0.6048719585637561,
            0.7202861080381204,
            0.8113955284527943,
            0.8665702430475221,
            0.8996545397774739,
            0.9113266023808486,
            0.9197482547932118,
            0.9339161635165275
        ],
        [
            0.5128241504658978,
            0.550743606362822,
            0.5923272235521968,
            0.710307227337694,
            0.8048879943682993,
            0.8488133250362623,
            0.8748339706082763,
            0.8942399628563719,
            0.9095025325547597,
            0.9204783098677521
        ],
        [
            0.4587068243220585,
            0.5336904562280469,
            0.5571648911952509,
            0.6958008023903945,
            0.8140431798274174,
            0.8673660645009602,
            0.8914172898123189,
            0.9160429573901454,
            0.9328527672575367,
            0.948822546258224
        ],
        [
            0.5016867526491942,
            0.5755731974673131,
            0.5925759160714065,
            0.7382663235403779,
            0.7869581487422316,
            0.8499752199725283,
            0.8811147379479227,
            0.9099304855015455,
            0.92176000285068,
            0.9368682666180455
        ],
        [
            0.5146266842593912,
            0.5479167469960632,
            0.5511562084968061,
            0.7119103959267101,
            0.7746335614855454,
            0.8146270165071429,
            0.8487990473493313,
            0.8573239364408802,
            0.8751976750139029,
            0.878004927008435
        ],
        [
            0.5167513722653487,
            0.5609680390475701,
            0.5961348853088315,
            0.7543325070567766,
            0.8376244497452062,
            0.8894539405029209,
            0.9170749072054073,
            0.9322682924636673,
            0.939950438059673,
            0.9402151172802082
        ]
    ]
}